ID,manuscript_location,scientific_issue,severity,current_evidence,required_action,simulation_required?,analysis_required?,status,Codex_status,final_resolution
ISSUE-001,"Section 4.5, Table 3, Fig 5(b)",Sastre V1 tip-clearance MAPE claimed as 3.4% when raw ratio error is 21.62% (reduction error 12.16%),BLOCKER,Forensic audit proved 3.4% came from Sastre Table 3 total rig error. Channel core ratio error is 16.5-29.2% (MAPE 21.62%).,"Update manuscript text, Table 3, and Figure 5 with exact metric: ratio MAPE 21.6% (pressure reduction MAPE 12.2%).",NO,YES,CLOSED_VERIFIED,ACCEPTED_FIXED,"Corrected in Section 4.5.2, Table 3, Fig 5 caption, and validation reconciliation CSV. Full physical explanation of 3D plenum headers provided."
ISSUE-002,Section 4.2 & Section 4.5.4,Conflation of experimental validation with CFD cross-replication on Chun anchor bypass fraction,BLOCKER,"Chun et al. (2026) measured chip T and dp experimentally, but bypass fraction and R_th vs OR are purely computed outputs.","Explicitly decouple experimental comparators (T_chip, dp) from numerical cross-verification (Phi_bypass, R_th(OR)).",NO,YES,CLOSED_VERIFIED,ACCEPTED_FIXED,Updated Sections 4.2 and 4.5.4 with defensible wording explicitly stating that bypass fraction is cross-verified against published CFD.
ISSUE-003,"Section 4.3, Table 2","Grid Convergence Index (GCI) must be quantified on actual base geometry for T_chip, dp, AND Phi_bypass",BLOCKER,"4-grid sequence (180k, 350k, 720k, 1.32M cells) exhibits asymptotic monotonic convergence (p=1.88-1.94, GCI_21 <= 1.76%).",Perform formal multi-grid check on base 1U chassis and populate Table 2 with step error e_a_21 and Roache GCI_21.,YES,YES,CLOSED_VERIFIED,ACCEPTED_FIXED,"Table 2 updated with corrected step errors (0.28% T, 0.68% dp, 0.25% Phi) and Roache GCI_21 values (0.70% T, 1.76% dp, 0.64% Phi)."
ISSUE-004,Section 3.2 & Section 4.6,Laminar vs Realizable k-epsilon flow regime verification at upper Reynolds number (Re_ch = 1000),HIGH,Laminar vs Realizable k-epsilon comparison at Re=1000 shows Delta T_chip < 0.42 C (0.68%) and Delta Phi < 0.54%.,Run explicit comparison and document in sensitivity section before production sweep.,YES,YES,CLOSED_VERIFIED,ACCEPTED_FIXED,Documented in Table 5 and Section 4.6; laminar formulation defended across forced immersion envelope.
ISSUE-005,Section 3.1 & Section 4.6,"Buoyancy / Boussinesq vs Variable density at low flow (Q=1 LPM, Ri ~ 3.7)",HIGH,"Varying Ri across 0.1-3.7 moves clearance bypass fraction by under 0.18% (Delta T < 0.12 C), confirming forced convection dominance.",Verify mixed-convection influence at lowest flow rate and highest heat load.,YES,YES,CLOSED_VERIFIED,ACCEPTED_FIXED,Sensitivity verified and documented in Section 4.6 and Table 5.
ISSUE-006,Section 4.6,Chun property polynomial temperature unit (Kelvin vs Celsius),MEDIUM,"Evaluating density fit at T=298.15 K reproduces mass flow exactly (5.00 LPM), whereas T=25 gives 3.79 LPM (24% discrepancy).",Confirm mathematical necessity of Kelvin interpretation and state as internal numerical consistency inference.,NO,YES,CLOSED_VERIFIED,ACCEPTED_FIXED,Manuscript Section 4.2 explicitly declares Kelvin convention as inferred from internal consistency rather than author-confirmed.
ISSUE-007,Section 4.6,Tank depth assumption sensitivity (44.45 mm to 55 mm),HIGH,Tank depth controls bypass cross-sectional area; parameterization on structural open ratio OR isolates geometric dependence.,Quantify physical impact on bypass fraction and thermal resistance across depth bounds.,YES,YES,CLOSED_VERIFIED,ACCEPTED_FIXED,Parameterized by OR; physical bounds documented in sensitivity table.
ISSUE-008,Section 4.6 & Section 2.5,TIM bond-line thickness sensitivity statement consistency (under 1 K vs multi-kelvin),MEDIUM,Bond-line variation of 0.10 +- 0.05 mm produces Delta T = 0.72 K (1.15%) across realistic contact distribution.,Reconcile exact arithmetic across all sections.,NO,YES,CLOSED_VERIFIED,ACCEPTED_FIXED,"Standardized on 0.72 K (1.15%) across Section 2.5, Section 4.6, and Table 5."
ISSUE-009,Figures & Captions (Fig 5),Figure panel labeling and claim of universal experimental agreement in caption,MEDIUM,"Fig 5 caption stated all six achieve experimental agreement, but some are numerical/analytical.","Update Fig 5 caption and graphic labels to accurately state experimental, analytical, and published CFD comparators.",NO,YES,CLOSED_VERIFIED,ACCEPTED_FIXED,"Caption refined to state combination of experimental, analytical, and validated numerical reference data."
