case_id,A_bins_sum_m2,A_fin_full_m2,A_wetted,A_wetted_cell_m2,A_wetted_full_m2,D_h,D_h_m,D_h_over_L,H_fin,H_fin_m,N_fin,Nu,Nu_B0,Nu_B1,Nu_B2,Nu_B3,Nu_B4,Nu_cell,Nu_edge,Nu_field,Nu_lmtd,OR,P_TDP,P_sink_W,Phi_X0,Phi_X1,Phi_X2,Phi_X3,Phi_X4,Phi_X5,Phi_eff,Phi_in,Phi_mid,Phi_out,Pr,Pr_film,Pr_inlet,Q_LPM,Q_bins_sum_W,Q_full_sink_LPM,Q_in_W,Q_wall_fluid_W,R_TIM_K_W,R_base_K_W,R_spread_K_W,R_th_K_W,Re_active,Re_ch,Re_label,Re_recomputed_ch_Eq1_140mm,Rth_field,T_base_max_K,T_base_mean_K,T_ch_in_K,T_ch_out_K,T_chip_max_C,T_cl_out_K,T_in_K,T_out_bulk_K,T_out_over_T_wall_mean,T_wall_max_K,T_wall_mean_K,Tchip_field,W_pump_W,accepted,cells,clearance_m,converged,cp_inlet,dH_W,dT_B0_K,dT_B1_K,dT_B2_K,dT_B3_K,dT_B4_K,dT_lmtd_K,dT_wall_bulk_am_K,dT_wall_bulk_bins_K,dT_wall_chbulk_K,dp_field,dp_sink_Pa,energy_balance_pct,fluid,geometry_label,grid,h_W_m2K,h_cell_W_m2K,h_edge_W_m2K,h_lmtd_W_m2K,iterations,k,k_film,m_full_kg_s,m_in_kg_s,mass_split_closure_pct,partitions,passed_energy,passed_mass_split,passed_validity_envelope,phi_eff_field,phi_field,res_Ux_initial,res_Uy_initial,res_Uz_initial,res_h_initial,res_p_rgh_initial,residuals_met,run,solver_rc,stationarity_max_var,stationary,stop_type,t_fin,thermal_data_source,u_in_m_s
C091,,0.0,0.0130685,5.6049999999999994e-05,0.0130685,0.0018558679706601469,0.0018558679706601469,0.015727694666611416,0.0,0.0,117,nan,nan,nan,nan,nan,nan,2.339099989700141,nan,nan,2.339368181214083,1.0,700.0,700.0,nan,nan,nan,nan,nan,nan,nan,1.0,1.0,1.0,67.54263703321114,16.092063695440135,67.54263703321114,0.6501092434627032,,0.6501092434627032,3.00000132,2.73967146,0.006,0.9247985357142857,MISSING,0.9307985357142857,0.0,2,2,2,0.9307985357142857,945.508975,925.511812,nan,nan,676.558975,318.752641,298.15,320.976396,0.036413627654180214,945.124597,925.014102,676.558975,2.0586792709904542e-07,False,51800,0.039950000000000006,False,1052.1325,2.72780833435,nan,nan,nan,nan,nan,615.3803470389256,615.450904,nan,nan,0.01900000000023283,0.01900000000023283,9.073095529504627,FC-40,Plate-Fin,medium,nan,79.41992172727126,nan,79.42902768646026,4053,0.06301265,0.06301265,0.0200991545586,8.58938229e-05,0.0,calibration,False,True,n,nan,1.0,4.4187498e-05,2.7081339e-05,4.7876259e-05,7.8691407e-06,7.6485264e-05,False,rc=0 wall_s=1301 iterations=4053 end=2026-09-05_00:03:02 host=SalmiahFRGS21,0,0.0033544990939932268,True,envelope,0.00025,chtMultiRegionSimpleFoam unit cell (this campaign),0.0019317512377850727
C092,,0.0,0.0130685,5.6049999999999994e-05,0.0130685,0.0018558679706601469,0.0018558679706601469,0.015727694666611416,0.0,0.0,117,nan,nan,nan,nan,nan,nan,2.8868128284301253,nan,nan,2.8868535192127043,1.0,700.0,700.0,nan,nan,nan,nan,nan,nan,nan,1.0,1.0,1.0,67.54263703321114,16.092063695440135,67.54263703321114,1.6252731086567578,,1.6252731086567578,3.00000132,2.65026291,0.006,0.7225632542857144,MISSING,0.7285632542857144,0.0,5,5,5,0.7285632542857144,803.944278,784.192088,nan,nan,534.9942780000001,303.810838,298.15,304.423904,0.012921379341979452,803.559754,783.694448,534.9942780000001,1.4356579126436492e-06,False,51800,0.039950000000000006,False,1052.1325,1.63966978,nan,nan,nan,nan,nan,482.400696369051,482.407496,nan,nan,0.052999999999883585,0.052999999999883585,45.34436471514619,FC-40,Plate-Fin,medium,nan,98.0165233999228,nan,98.01790498206196,4016,0.06301265,0.06301265,0.05024793852,0.00021473478,0.0,calibration,False,True,n,nan,1.0,4.340635e-05,1.7266735e-05,4.9055398e-05,6.6326238e-06,6.2444536e-05,False,rc=0 wall_s=1161 iterations=4016 end=2026-09-05_00:22:35 host=SalmiahFRGS21,0,0.0036661309504339855,True,envelope,0.00025,chtMultiRegionSimpleFoam unit cell (this campaign),0.004829378094462681
C093,,0.0,0.0130685,5.6049999999999994e-05,0.0130685,0.0018558679706601469,0.0018558679706601469,0.015727694666611416,0.0,0.0,117,nan,nan,nan,nan,nan,nan,3.1241550824130586,nan,nan,3.1242433913804284,1.0,700.0,700.0,nan,nan,nan,nan,nan,nan,nan,1.0,1.0,1.0,67.54263703321114,16.092063695440135,67.54263703321114,3.2505462173135156,,3.2505462173135156,3.00000132,2.60618203,0.006,0.6610954500000001,MISSING,0.6670954500000001,0.0,10,10,10,0.6670954500000001,760.916815,741.030034,nan,nan,491.96681500000005,303.931318,298.15,306.222937,0.018248821180358886,760.533279,740.531287,491.96681500000005,6.717795515573138e-06,False,51800,0.039950000000000006,False,1052.1325,3.8373882736,nan,nan,nan,nan,nan,438.3324283711194,438.34481850000003,nan,nan,0.1239999999961583,0.1239999999961583,27.912886171663413,FC-40,Plate-Fin,medium,nan,106.07505160175275,nan,106.07804997347999,4057,0.06301265,0.06301265,0.100495876806,0.000429469559,0.0,calibration,False,True,n,nan,1.0,3.9243645e-05,1.4258034e-05,4.8070272e-05,8.088887e-06,5.9099563e-05,False,rc=0 wall_s=1081 iterations=4057 end=2026-09-05_00:40:48 host=SalmiahFRGS21,0,0.004721433314625877,True,envelope,0.00025,chtMultiRegionSimpleFoam unit cell (this campaign),0.009658756188925362
C094,,0.0,0.0130685,5.6049999999999994e-05,0.0130685,0.0018558679706601469,0.0018558679706601469,0.015727694666611416,0.0,0.0,117,nan,nan,nan,nan,nan,nan,3.469825381513774,nan,nan,3.469838195590938,1.0,700.0,700.0,nan,nan,nan,nan,nan,nan,nan,1.0,1.0,1.0,67.54263703321114,16.092063695440135,67.54263703321114,6.501092434627031,,6.501092434627031,3.00000132,2.48611599,0.006,0.5675619057142858,MISSING,0.5735619057142858,0.0,20,20,20,0.5735619057142858,695.443334,676.39227,nan,nan,426.49333400000006,299.988163,298.15,300.65632,0.0066349229930981165,695.039652,675.89666,426.49333400000006,3.261381371444387e-05,False,51800,0.039950000000000006,False,1052.1325,2.568987553,nan,nan,nan,nan,nan,376.4921096133339,376.49350000000004,nan,nan,0.3010000000067521,0.3010000000067521,14.3671192451342,FC-40,Plate-Fin,medium,nan,117.81166321258884,nan,117.81209829146954,4029,0.06301265,0.06301265,0.200991545586,0.000858938229,0.0,calibration,False,True,n,nan,1.0,3.1122576e-05,9.1950023e-06,4.878484e-05,6.3621353e-06,2.9610018e-05,False,rc=0 wall_s=1041 iterations=4029 end=2026-09-05_00:58:21 host=SalmiahFRGS21,0,0.004020800636504503,True,envelope,0.00025,chtMultiRegionSimpleFoam unit cell (this campaign),0.019317512377850725
C095,,0.0,0.0130685,5.6049999999999994e-05,0.0130685,0.0018558679706601469,0.0018558679706601469,0.015727694666611416,0.0,0.0,117,nan,nan,nan,nan,nan,nan,nan,nan,nan,nan,1.0,700.0,700.0,nan,nan,nan,nan,nan,nan,nan,nan,nan,1.0,67.54263703321114,nan,67.54263703321114,13.002184869254062,,13.002184869254062,3.00000132,2.40810238,0.006,nan,MISSING,nan,nan,40,40,40,nan,nan,nan,nan,nan,nan,298.15,298.15,nan,nan,nan,nan,nan,nan,False,51800,0.039950000000000006,False,1052.1325,nan,nan,nan,nan,nan,nan,nan,nan,nan,nan,nan,nan,nan,FC-40,Plate-Fin,medium,nan,nan,nan,nan,15,nan,nan,nan,nan,nan,calibration,False,False,n,nan,nan,0.015747062,0.97832423,0.99897911,0.012816729,0.4898363,False,rc=136 wall_s=5 iterations=16 end=2026-09-05_00:58:39 host=SalmiahFRGS21,136,nan,False,diverged,0.00025,chtMultiRegionSimpleFoam unit cell (this campaign),0.03863502475570145
C096,,0.0,0.0130685,5.6049999999999994e-05,0.0130685,0.0018558679706601469,0.0018558679706601469,0.015727694666611416,0.0,0.0,117,nan,nan,nan,nan,nan,nan,5.6212084370133075,nan,nan,5.621212464037683,1.0,700.0,700.0,nan,nan,nan,nan,nan,nan,nan,1.0,1.0,1.0,67.54263703321114,16.092063695440135,67.54263703321114,22.75382352119461,,22.75382352119461,3.00000132,2.7449268,0.006,0.37484540000000005,MISSING,0.38084540000000006,0.0,70,70,70,0.38084540000000006,560.54178,555.611088,nan,nan,291.59178,298.940296,298.15,298.902337,0.002927732628088702,560.086605,555.119162,291.59178,0.000692853926222186,False,51800,0.039950000000000006,False,1052.1325,2.454257893,nan,nan,nan,nan,nan,256.59280967733787,256.5929935,nan,nan,1.827000000004773,1.827000000004773,18.191439562433263,FC-40,Plate-Fin,medium,nan,190.85799497502632,nan,190.8581317053765,4064,0.06301265,0.06301265,0.7034709286799999,0.00300628602,0.0,calibration,False,True,n,nan,1.0,1.3785192e-06,4.175187e-06,1.3435647e-05,4.9481258e-07,8.2409768e-06,True,rc=0 wall_s=1021 iterations=4064 end=2026-09-05_01:15:46 host=SalmiahFRGS21,0,0.0002885688741269749,True,envelope,0.00025,chtMultiRegionSimpleFoam unit cell (this campaign),0.06761129332247755
C097,,0.0,0.0130685,5.6049999999999994e-05,0.0130685,0.0018558679706601469,0.0018558679706601469,0.015727694666611416,0.0,0.0,117,nan,nan,nan,nan,nan,nan,5.120424316421579,nan,nan,5.12042629982695,1.0,700.0,700.0,nan,nan,nan,nan,nan,nan,nan,1.0,1.0,1.0,67.54263703321114,16.092063695440135,67.54263703321114,32.505462173135165,,32.505462173135165,3.00000132,2.42548164,0.006,0.35822835142857146,MISSING,0.36422835142857146,0.0,100,100,100,0.36422835142857146,548.909846,547.816479,nan,nan,279.959846,298.679928,298.15,298.686635,0.002153651002411385,548.437882,547.324541,279.959846,0.0016355665050117104,False,51800,0.039950000000000006,False,1052.1325,2.498211753,nan,nan,nan,nan,nan,248.90612708577353,248.90622349999995,nan,nan,3.019000000000233,3.019000000000233,16.726311540422916,FC-40,Plate-Fin,medium,nan,173.85477329370175,nan,173.8548406366542,3463,0.06301265,0.06301265,1.0049587680599998,0.00429469559,0.0,calibration,False,True,n,nan,1.0,8.0616658e-07,2.8280579e-06,9.150097e-06,2.7262533e-07,5.4281276e-06,True,rc=0 wall_s=801 iterations=3463 end=2026-09-05_01:29:19 host=SalmiahFRGS21,0,6.199475274711571e-05,True,converged,0.00025,chtMultiRegionSimpleFoam unit cell (this campaign),0.09658756188925363
C098,,0.0,0.0130685,5.6049999999999994e-05,0.0130685,0.0018558679706601469,0.0018558679706601469,0.015727694666611416,0.0,0.0,117,nan,nan,nan,nan,nan,nan,5.465102335261427,nan,nan,5.465103361563596,1.0,700.0,700.0,nan,nan,nan,nan,nan,nan,nan,1.0,1.0,1.0,67.54263703321114,16.092063695440135,67.54263703321114,48.75819325970274,,48.75819325970274,3.00000132,2.40196573,0.006,0.3341412285714286,MISSING,0.3401412285714286,0.0,150,150,150,0.3401412285714286,532.04886,529.762231,nan,nan,263.09886,298.492244,298.15,298.49669,0.0015000413788853512,531.576723,529.270291,263.09886,0.004355731931200584,False,51800,0.039950000000000006,False,1052.1325,2.402001458,nan,nan,nan,nan,nan,230.94690263003318,230.94694600000003,nan,nan,5.360000000000582,5.360000000000582,19.93331996267255,FC-40,Plate-Fin,medium,nan,185.55769381779658,nan,185.55772866403584,2655,0.06301265,0.06301265,1.5074339904,0.0064420256,0.0,calibration,False,True,n,nan,1.0,8.5340774e-07,2.7437965e-06,8.9221684e-06,1.7211395e-07,4.9094403e-06,True,rc=0 wall_s=621 iterations=2655 end=2026-09-05_01:39:51 host=SalmiahFRGS21,0,3.5298650662588926e-05,True,converged,0.00025,chtMultiRegionSimpleFoam unit cell (this campaign),0.14488134283388046
C099,,0.0,0.0130685,5.6049999999999994e-05,0.0130685,0.0018558679706601469,0.0018558679706601469,0.015727694666611416,0.0,0.0,117,nan,nan,nan,nan,nan,nan,6.4734332318501,nan,nan,6.473433856476523,1.0,700.0,700.0,nan,nan,nan,nan,nan,nan,nan,1.0,1.0,1.0,67.54263703321114,16.092063695440135,67.54263703321114,81.26365543283791,,81.26365543283791,3.00000132,2.77547245,0.006,0.3246417557142857,MISSING,0.3306417557142857,0.0,250,250,250,0.3306417557142857,525.399229,524.055254,nan,nan,256.449229,298.39293,298.15,298.392426,0.0010754733017921754,524.919833,523.563313,256.449229,0.016046863159468534,False,51800,0.039950000000000006,False,1052.1325,2.77551556,nan,nan,nan,nan,nan,225.2920782613986,225.2921,nan,nan,11.847999999998137,11.847999999998137,7.482855374210298,FC-40,Plate-Fin,medium,nan,219.79375094869656,nan,219.79377215676027,1949,0.06301265,0.06301265,2.512396926,0.010736739,0.0,calibration,False,True,n,nan,1.0,8.327338e-07,2.2273011e-06,7.9137403e-06,2.8146147e-07,3.1631026e-06,True,rc=0 wall_s=440 iterations=1949 end=2026-09-05_01:47:23 host=SalmiahFRGS21,0,3.190050510004757e-05,True,converged,0.00025,chtMultiRegionSimpleFoam unit cell (this campaign),0.2414689047231341
E001,0.00477514375,1.1030994,1.1161679,0.004770150000000001,1.1161679,0.0018558679706601469,0.0018558679706601469,0.015727694666611416,0.039950000000000006,0.039950000000000006,117,8.472270801876109,9.554449231278504,8.106230327834773,8.203960593003396,8.296662056987957,8.08458048254002,7.9136727944360485,7.950129386514218,8.472270801876109,nan,0.0,700.0,700.0,0.0,0.0,0.0,0.0,0.0,0.0,0.0,0.0,0.0,0.0,94.96636408243374,80.696012336601,94.96636408243374,3.9454500843698033,2.9997862410000002,3.9454500843698033,3.00000132,3.00000132,0.006,0.018236117142857163,MISSING,0.024236117142857165,10.0,10,10,10,0.024236117142857165,310.915282,308.944595,298.231167,302.940859,41.965282000000016,nan,298.15,303.001156,1.03190836284738,310.485254,302.85115,41.965282000000016,0.007203076704030717,True,51800,0.0,True,1165.0,3.0000442885,2.2838064999999688,2.2033519999999953,2.1586034999999697,2.0751129999999876,1.8940979999999854,nan,2.275572000000068,2.123162773874459,2.2651370000000384,109.5399999999936,109.5399999999936,0.001432282703123991,EFL-1,Plate-Fin,medium,295.88337772218847,276.3750464736583,277.6482469952871,nan,4530,0.06481384939250877,0.06481384939250877,0.12421580020200002,0.000530836753,0.0,holdout_EFL-1,True,True,y,0.0,0.0,1.1812481e-06,3.9926307e-08,9.9620158e-06,2.8480039e-07,9.3959344e-08,True,rc=0 wall_s=561 iterations=4530 end=2026-09-05_04:07:27 host=SalmiahFRGS21,0,2.02431645249743e-06,True,converged,0.00025,chtMultiRegionSimpleFoam unit cell (this campaign),0.011723611317238316
E002,0.00477514375,1.1030994,1.1161679,0.004770150000000001,1.1161679,0.0018558679706601469,0.0018558679706601469,0.015727694666611416,0.039950000000000006,0.039950000000000006,117,9.552224478404751,13.619532349289045,9.727196041238479,8.939955479897934,8.542250750045216,8.060890937331658,9.492128901511963,9.368450899911052,9.552224478404751,9.829845265999483,0.0,700.0,700.0,0.0,0.0,0.0,0.0,0.0,0.0,0.0,0.0,0.0,0.0,94.96636408243374,88.45263864202812,94.96636408243374,15.781800337479213,2.99978561,15.781800337479213,3.00000132,3.00000133,0.006,0.012721978571428606,MISSING,0.018721978571428606,40.0,40,40,40,0.018721978571428606,307.055385,306.033342,298.16839,299.294015,38.10538500000003,nan,298.15,299.362983,0.4809414848969167,306.61756,300.672101,38.10538500000003,0.12495713871209273,True,51800,0.0,True,1165.0,3.000021229,1.5087899999999763,1.80872549999998,1.9873059999999896,2.080765500000041,2.1236205000000155,1.8497963911858384,1.9156095000000164,1.9014304545884095,1.940898500000003,475.0679999999993,475.0679999999993,0.0006636330413398341,EFL-1,Plate-Fin,medium,330.3872825479444,328.30872855377834,324.03101931942524,339.9894833546366,2332,0.0641897787243556,0.0641897787243556,0.49686320034000003,0.00212334701,0.0,holdout_EFL-1,True,True,y,0.0,0.0,4.6688145e-07,1.6373371e-08,7.8371097e-06,1.388974e-07,1.10998e-07,True,rc=0 wall_s=280 iterations=2332 end=2026-09-05_04:12:11 host=SalmiahFRGS21,0,1.506602081275487e-06,True,converged,0.00025,chtMultiRegionSimpleFoam unit cell (this campaign),0.04689444526895326
E003,0.00477514375,1.1030994,1.1161679,0.004770150000000001,1.1161679,0.0018558679706601469,0.0018558679706601469,0.015727694666611416,0.039950000000000006,0.039950000000000006,117,12.986872812026784,20.67157408997685,13.984952106310036,12.21307507536779,11.181769097820588,10.234893977065513,12.995288972332704,12.84218607805596,12.986872812026784,13.05350398562787,0.0,700.0,700.0,0.0,0.0,0.0,0.0,0.0,0.0,0.0,0.0,0.0,0.0,94.96636408243374,91.31885862847071,94.96636408243374,59.18175126554705,2.999827688,59.18175126554705,3.00000132,3.00000134,0.006,0.010155224285714358,MISSING,0.016155224285714358,150.0,150,150,150,0.016155224285714358,305.258657,304.456709,298.153826,298.436935,36.30865700000005,nan,298.15,298.47424,0.2070207250577968,304.819549,299.71622,36.30865700000005,1.8213982905614245,True,51800,0.0,True,1165.0,2.999991596,0.9688850000000571,1.265203500000041,1.466401000000019,1.6067620000000034,1.712319999999977,1.397838102791605,1.404100000000028,1.4034593550432577,1.4208395000000564,1846.5810000000056,1846.5810000000056,0.00032413319071065343,EFL-1,Plate-Fin,medium,447.6205530778067,447.91063417627083,442.6336130484052,449.9171400399829,1213,0.06396648827552777,0.06396648827552777,1.8632370042000002,0.0079625513,0.0,holdout_EFL-1,True,True,y,0.0,0.0,1.8532365e-07,7.4578509e-09,4.2325985e-06,6.1163872e-08,5.2394085e-08,True,rc=0 wall_s=180 iterations=1213 end=2026-09-05_04:15:15 host=SalmiahFRGS21,0,3.046104852766815e-05,True,converged,0.00025,chtMultiRegionSimpleFoam unit cell (this campaign),0.17585416975857474
E004,0.004317984375,0.9927894600000001,1.0058579600000002,0.0042987400000000005,1.0058579600000002,0.0018510906381249154,0.0018510906381249154,0.015687208797668776,0.03595500000000001,0.03595500000000001,117,nan,nan,nan,nan,nan,nan,2.5472575415653824,1.8893870447454684,nan,2.6584036963890005,0.1,700.0,700.0,0.12307692301367329,0.12307692301367329,0.12307692301367329,0.12307692301367329,0.12307692301367329,0.12307692301367329,0.12307692301367312,0.3741917650012137,0.6537519947915457,0.12307692301367329,94.96636408243374,70.25422792840067,94.96636408243374,3.560069324295051,0.0,3.560069324295051,3.00000132,3.0000012,0.006,0.030448775714285715,MISSING,0.03644877571428572,6.2580823499878635,10,10,10,0.03644877571428572,319.464143,314.735767,298.15,298.15,50.514143000000004,298.15,298.15,303.524851,0.516532377339143,319.050945,308.555642,50.514143000000004,0.0019447472028847924,False,66080,0.0039949999999999986,False,1165.0,2.9992677045,0.0,0.0,0.0,0.0,0.0,7.39552281459906,7.718216499999983,0.0,10.405642,32.77599999999802,32.77599999999802,0.024453839240316508,EFL-1,Plate-Fin,medium,nan,90.41974820317276,67.06738445427699,94.36509223255051,11208,0.06570798070840027,0.06570798070840027,0.112083049728,0.000478987392,2.087737616284057e-07,holdout_EFL-1,True,True,y,0.12307692301367312,0.3741917650012137,1.0695532e-06,2.9646235e-08,4.9599752e-06,1.4106989e-06,6.9659761e-07,False,rc=1 wall_s=2 iterations=0 end=2026-09-05_23:19:14 host=SalmiahFRGS21,1,3.0016868031653092e-05,True,diverged,0.00025,chtMultiRegionSimpleFoam unit cell (this campaign),0.01057848106754719
E005,0.004317984375,0.9927894600000001,1.0058579600000002,0.0042987400000000005,1.0058579600000002,0.0018510906381249154,0.0018510906381249154,0.015687208797668776,0.03595500000000001,0.03595500000000001,117,8.734477348179153,11.912228877324932,8.534245286407469,8.07506404333171,7.9607892155961695,7.696287047277218,6.397985685291319,9.05758429654164,8.734477348179153,6.498769545936298,0.1,700.0,700.0,0.23174504645747293,0.43392898592842044,0.5152497503189081,0.5676251791618454,0.6036770016020997,0.6253247783656158,0.5305516115683931,0.23174504645747293,0.5439830735603717,0.6253247783656158,94.96636408243374,85.76220331817318,94.96636408243374,14.240277297180205,2.999781195,14.240277297180205,3.00000132,3.00000135,0.006,0.015487812857142883,MISSING,0.021487812857142883,30.73019814170108,40,40,40,0.021487812857142883,308.991469,307.330252,298.178954,301.30628,40.04146900000002,298.361291,298.15,299.494066,0.3530333240263847,308.559148,301.957193,40.04146900000002,0.0520579443773468,True,66080,0.0039949999999999986,True,1165.0,2.9998349419999997,1.98059649999999,2.2940250000000333,2.431750999999963,2.4287290000000326,2.296965499999942,3.0865394840229374,3.1351600000000417,2.2860950904114037,2.2145760000000223,219.34100000000035,219.34100000000035,0.005545930893133744,EFL-1,Plate-Fin,medium,303.88846879164987,222.59764331055135,315.12995146768975,226.10409846172286,7077,0.0644028345590256,0.0644028345590256,0.44833113935999996,0.00191594504,1.565807025891007e-07,holdout_EFL-1,True,True,y,0.5305516115683931,0.23174504645747293,3.0660497e-07,4.4233638e-08,6.2146464e-06,7.1542935e-07,1.0029815e-06,True,rc=0 wall_s=1041 iterations=7077 end=2026-09-05_23:36:48 host=SalmiahFRGS21,0,3.9321589859051135e-05,True,converged,0.00025,chtMultiRegionSimpleFoam unit cell (this campaign),0.04231392427018876
E006,0.004317984375,0.9927894600000001,1.0058579600000002,0.0042987400000000005,1.0058579600000002,0.0018510906381249154,0.0018510906381249154,0.015687208797668776,0.03595500000000001,0.03595500000000001,117,11.35550563811605,18.683304579980312,12.292964578984265,10.61744399388215,9.660472761152459,8.807237221632086,10.705558796633449,11.362364706462984,11.35550563811605,10.738098957133495,0.1,700.0,700.0,0.16178123829884616,0.28897864735262035,0.349492405708686,0.39343711764922235,0.42812207026421417,0.45388066858321213,0.36330073123798456,0.16178123829884616,0.3729069565828888,0.45388066858321213,94.96636408243374,90.2564864063897,94.96636408243374,53.401039864425776,2.999807503,53.401039864425776,3.00000132,3.00000133,0.006,0.011115328571428579,MISSING,0.017115328571428577,125.73281425517308,150,150,150,0.017115328571428577,305.93073,304.946705,298.155496,298.721155,36.98073000000001,298.180339,298.15,298.508837,0.1739017285154654,305.492743,300.213447,36.98073000000001,1.0268699559689851,True,66080,0.0039949999999999986,True,1165.0,2.9991777340000003,1.2006109999999808,1.5878015000000119,1.855683000000056,2.038530499999979,2.16114749999997,1.8783192408451534,1.8840284999999994,1.7681633475031096,1.7751214999999547,1153.7639999999956,1153.7639999999956,0.02745285458739912,EFL-1,Plate-Fin,medium,392.9071542942014,370.4186124302215,393.1444820813726,371.5445210660672,1252,0.06404882161521808,0.06404882161521808,1.6812404505,0.00718478825,0.0,holdout_EFL-1,True,True,y,0.36330073123798456,0.16178123829884616,1.2819802e-07,6.4851016e-09,8.9743533e-07,1.7345184e-07,5.1158183e-08,True,rc=0 wall_s=160 iterations=1252 end=2026-09-05_23:39:42 host=SalmiahFRGS21,0,0.0003304102071624404,True,converged,0.00025,chtMultiRegionSimpleFoam unit cell (this campaign),0.15867721601320786
E007,0.003846075,0.8824795200000002,0.8955480200000002,0.003827330000000001,0.8955480200000002,0.0018451534487997569,0.0018451534487997569,0.015636893633896247,0.03196000000000001,0.03196000000000001,117,6.771811043672914,7.697028323420926,7.881980241551405,7.352081090938858,6.104883496370215,2.7368939623805275,0.7648338427547265,2.1280909967645814,6.771811043672914,0.7682077125968212,0.2,700.0,700.0,0.6707145396449214,0.8559164353136263,0.891503213033648,0.902264593954097,0.9045208235974953,0.8981157670444819,0.8844957334227243,0.6707158951858136,0.8987954657794013,0.8981157670444819,94.96636408243374,43.49608771383575,94.96636408243374,3.1746885642202995,2.996971518,3.1746885642202995,3.00000132,2.99854717,0.006,0.06914362428571434,MISSING,0.07514362428571435,3.2928410481418635,10,10,10,0.07514362428571435,346.550537,334.849251,298.915219,339.071062,77.60053700000005,300.022336,298.15,304.475014,0.20560739703887018,346.164121,328.91258,77.60053700000005,0.0003322311582453895,False,66080,0.007989999999999997,False,1165.0,3.1424577904,6.902851999999996,2.6506674999999973,1.9264405000000124,1.683234500000026,2.319203000000016,27.47885701582363,27.60007300000001,3.100433260167843,9.91943950000001,6.278999999994994,6.278999999994994,4.748546923972686,EFL-1,Plate-Fin,medium,251.3289284038573,28.386035709922922,78.98194830206675,28.511253482025406,4093,0.06848100693252653,0.06848100693252653,0.099949769712,0.000427135768,0.0,holdout_EFL-1,False,True,n,0.8844957334227243,0.6707158951858136,0.00031600134,0.00027239712,0.0013349274,0.00060909152,0.00347881,False,rc=0 wall_s=581 iterations=4093 end=2026-09-05_23:49:36 host=SalmiahFRGS21,0,0.12436308892222464,False,envelope,0.00025,chtMultiRegionSimpleFoam unit cell (this campaign),0.009433350817856064
E008,0.003846075,0.8824795200000002,0.8955480200000002,0.003827330000000001,0.8955480200000002,0.0018451534487997569,0.0018451534487997569,0.015636893633896247,0.03196000000000001,0.03196000000000001,117,8.597655929326356,10.355623113744779,8.09589294126887,8.204191339472047,8.244106529927627,7.727501843161347,3.177755361187629,11.01778960142303,8.597655929326356,3.1901368630029867,0.2,700.0,700.0,0.5040338620202299,0.7542275419489425,0.8354364570771772,0.8787244477286591,0.9025739153270816,0.9128438168441774,0.8587583460087935,0.5040338620202299,0.8602811697689782,0.9128438168441774,94.96636408243374,78.16081987849206,94.96636408243374,12.698754256881198,2.999839496,12.698754256881198,3.00000132,3.00000127,0.006,0.02501343714285716,MISSING,0.03101343714285716,19.838645519190802,40,40,40,0.03101343714285716,315.659406,311.207916,298.208363,309.561045,46.709406000000016,298.704858,298.15,299.658191,0.19451832180837983,315.250044,305.903465,46.709406000000016,0.015336708807845514,False,66080,0.007989999999999997,False,1165.0,3.0019168588,2.8458534999999756,2.954586500000005,2.811597000000006,2.448424999999986,1.8094750000000204,6.9722036729862245,6.9993695,2.5742697931071272,2.0187609999999836,72.46400000000722,72.46400000000722,0.06385126523877865,EFL-1,Plate-Fin,medium,302.9885447596671,111.98674154943873,388.27606794738483,112.42307596986818,12000,0.06502474196521177,0.06502474196521177,0.39979907838,0.00170854307,0.0,holdout_EFL-1,True,True,y,0.8587583460087935,0.5040338620202299,3.111763e-07,1.7761049e-08,2.0616818e-06,4.8927308e-06,3.8169445e-07,False,rc=0 wall_s=1991 iterations=12000 end=2026-09-06_00:22:59 host=SalmiahFRGS21,0,0.000167292422808983,True,cap,0.00025,chtMultiRegionSimpleFoam unit cell (this campaign),0.03773340327142426
E009,0.003846075,0.8824795200000002,0.8955480200000002,0.003827330000000001,0.8955480200000002,0.0018451534487997569,0.0018451534487997569,0.015636893633896247,0.03196000000000001,0.03196000000000001,117,9.848238622417577,16.474614877271943,10.544522281064134,9.049090161086376,8.289200639757563,7.683652291692966,8.247735738687375,10.230394733319859,9.848238622417577,8.262676245323107,0.2,700.0,700.0,0.35286347609942825,0.5539247942304406,0.6455264006851829,0.7069800022013336,0.7517083571822198,0.7816416158313222,0.6787781287795203,0.35286347609942825,0.6788661233921789,0.7816416158313222,94.96636408243374,88.4418586623103,94.96636408243374,47.62032846330449,2.99978748,47.62032846330449,3.00000132,3.00000134,0.006,0.012789537142857138,MISSING,0.018789537142857138,97.07047858508577,150,150,150,0.018789537142857138,307.102676,305.750126,298.158819,299.602153,38.152676,298.23348,298.15,298.552115,0.13710608191622017,306.66721,301.082875,38.152676,0.4850170137594582,True,66080,0.007989999999999997,True,1165.0,2.9993905819999997,1.562368499999991,2.0792690000000107,2.429751500000009,2.6292210000000296,2.6857970000000364,2.726877848938438,2.731817499999977,2.2765388047475823,2.2023889999999824,611.1049999999959,611.1049999999959,0.020357924375853993,EFL-1,Plate-Fin,medium,342.60814371733375,286.92861126156606,355.90288613639234,287.44837316426947,2827,0.06419062557317842,0.06419062557317842,1.4992438944600002,0.00640702519,0.0,holdout_EFL-1,True,True,y,0.6787781287795203,0.35286347609942825,6.9182873e-07,2.0034323e-08,3.49988e-06,9.0051006e-07,3.5417899e-07,True,rc=0 wall_s=380 iterations=2827 end=2026-09-06_00:29:34 host=SalmiahFRGS21,0,0.0001203052387607197,True,converged,0.00025,chtMultiRegionSimpleFoam unit cell (this campaign),0.14150026226784096
E010,0.003374165625,0.77216958,0.7852380800000001,0.0033559200000000005,0.7852380800000001,0.0018375756527753762,0.0018375756527753762,0.015572675023520138,0.027965000000000004,0.027965000000000004,117,4.4838215653504605,5.994138873806079,6.514781599010469,3.778352947396531,2.323982348611364,0.7284675497659713,0.38938721357506106,0.9388324112423752,4.4838215653504605,0.3898431265346686,0.3,700.0,700.0,0.7824850543094998,0.9344458814596741,0.962904558350957,0.9758131822003908,0.9811463345386185,0.9778369824704013,0.9690317680643376,0.7824897768417337,0.9695674656000459,0.9778369824704013,94.96636408243374,27.8563095172328,94.96636408243374,2.7893078041455466,2.9879297516,2.7893078041455466,3.00000132,2.99150114,0.006,0.12155358714285715,MISSING,0.12755358714285714,2.175102231582663,10,10,10,0.12755358714285714,383.237511,365.735071,300.53294,371.427503,114.28751100000001,302.87193,298.15,305.1008,0.11179018108182316,382.864137,360.327196,114.28751100000001,9.943882321758307e-05,False,66080,0.011985000000000003,False,1165.0,3.0431229017,13.786269000000004,2.0533040000000256,2.1956570000000397,2.2814280000000053,4.959133500000007,58.6331455410666,58.701796,5.064203703288626,24.346974500000044,2.138999999995576,2.138999999995576,1.4373854242170772,EFL-1,Plate-Fin,medium,174.86094437087712,15.185398191990211,36.6127687382667,15.203177974148351,4069,0.071662132249038,0.071662132249038,0.087816701232,0.000375285048,1.5454918859390107e-06,holdout_EFL-1,False,True,n,0.9690317680643376,0.7824897768417337,6.7749499e-05,3.9177468e-05,0.0002952699,7.1651094e-05,0.0012278522,False,rc=0 wall_s=501 iterations=4069 end=2026-09-06_00:38:07 host=SalmiahFRGS21,0,0.002205119288748409,True,envelope,0.00025,chtMultiRegionSimpleFoam unit cell (this campaign),0.008288220568164936
E011,0.003374165625,0.77216958,0.7852380800000001,0.0033559200000000005,0.7852380800000001,0.0018375756527753762,0.0018375756527753762,0.015572675023520138,0.027965000000000004,0.027965000000000004,117,8.301556221590392,9.658617810853258,8.479274009194727,8.266956500648869,7.3008484253595824,4.874196254074158,1.4406902578244714,7.479033262318753,8.301556221590392,1.4419001950189685,0.3,700.0,700.0,0.6923084659243061,0.8964849261718504,0.9420708416610301,0.9616083537538321,0.9706897365178878,0.9726711074705654,0.9532747953086348,0.6923084659243061,0.953568533771699,0.9726711074705654,94.96636408243374,61.39191434607553,94.96636408243374,11.157231216582186,2.9999740040000002,11.157231216582186,3.00000132,2.99999781,0.006,0.048163125714285764,MISSING,0.05416312571428576,12.307661363027758,40,40,40,0.05416312571428576,331.864188,321.151961,298.295327,327.397841,62.91418800000004,299.088148,298.15,299.869205,0.09552224658425286,331.486421,316.147954,62.91418800000004,0.004572047398701683,False,66080,0.011985000000000003,False,1165.0,3.0065760597,4.525738000000047,3.8279475000000502,2.984621000000004,2.082922499999995,1.3614509999999882,17.12397024878452,17.1383515,2.958161688348155,3.30137000000002,24.586999999999534,24.586999999999534,0.21915789357052678,EFL-1,Plate-Fin,medium,300.558619021884,52.160325458477686,270.77909839302583,52.204131347707886,12000,0.06652959828303084,0.06652959828303084,0.3512670174,0.0015011411,1.998479681898385e-07,holdout_EFL-1,True,True,y,0.9532747953086348,0.6923084659243061,4.2292551e-07,1.7659955e-07,2.5337353e-06,8.1702883e-06,4.3552838e-06,False,rc=0 wall_s=1621 iterations=12000 end=2026-09-06_01:05:22 host=SalmiahFRGS21,0,0.0006736314359384567,True,cap,0.00025,chtMultiRegionSimpleFoam unit cell (this campaign),0.033152882272659744
E031,,0.0,0.0130685,5.6049999999999994e-05,0.0130685,0.0018558679706601469,0.0018558679706601469,0.015727694666611416,0.0,0.0,117,nan,nan,nan,nan,nan,nan,3.0840070403423954,nan,nan,3.084030879731269,1.0,700.0,700.0,nan,nan,nan,nan,nan,nan,nan,1.0,1.0,1.0,94.96636408243374,27.83055555555556,94.96636408243374,3.9454500843698033,,3.9454500843698033,3.00000132,2.64054369,0.006,0.5862577828571428,MISSING,0.5922577828571428,0.0,10,10,10,0.5922577828571428,708.530448,694.291169,nan,nan,439.580448,301.65317,298.15,301.942228,0.009584978112228975,708.120439,693.792844,439.580448,1.4532407811091282e-05,False,51800,0.039950000000000006,False,1165.0,2.6327381187,nan,nan,nan,nan,nan,393.7436863594593,393.74672999999996,nan,nan,0.22100000000500586,0.22100000000500586,12.242101323475422,EFL-1,Plate-Fin,medium,nan,119.6467153995163,nan,119.64764026918701,4017,0.072,0.072,0.12421580020200002,0.000530836753,0.0,holdout_EFL-1,False,True,n,nan,1.0,3.6922442e-05,2.9533312e-05,4.9723042e-05,1.0608891e-05,8.6441985e-05,False,rc=0 wall_s=721 iterations=4017 end=2026-09-05_01:59:36 host=SalmiahFRGS21,0,0.004899152901330158,True,envelope,0.00025,chtMultiRegionSimpleFoam unit cell (this campaign),0.011723611317238316
E032,,0.0,0.0130685,5.6049999999999994e-05,0.0130685,0.0018558679706601469,0.0018558679706601469,0.015727694666611416,0.0,0.0,117,nan,nan,nan,nan,nan,nan,4.427842365218005,nan,nan,4.427847436387,1.0,700.0,700.0,nan,nan,nan,nan,nan,nan,nan,1.0,1.0,1.0,94.96636408243374,27.83055555555556,94.96636408243374,15.781800337479213,,15.781800337479213,3.00000132,2.51183065,0.006,0.3862921728571429,MISSING,0.3922921728571429,0.0,40,40,40,0.3922921728571429,568.554521,560.003319,nan,nan,299.60452100000003,299.064741,298.15,299.117131,0.0037003590798138798,568.12958,559.511392,299.60452100000003,0.0003440432473582411,False,51800,0.039950000000000006,False,1165.0,2.510857713,nan,nan,nan,nan,nan,260.8775277192574,260.8778265,nan,nan,1.3080000000045402,1.3080000000045402,16.304779725896918,EFL-1,Plate-Fin,medium,nan,171.78196689406468,nan,171.78216363444355,4051,0.072,0.072,0.49686320034000003,0.00212334701,0.0,holdout_EFL-1,False,True,n,nan,1.0,1.1745403e-05,4.2252836e-06,3.4733454e-05,2.3283593e-06,9.5055442e-06,False,rc=0 wall_s=961 iterations=4051 end=2026-09-05_02:15:51 host=SalmiahFRGS21,0,0.00033906600349422207,True,envelope,0.00025,chtMultiRegionSimpleFoam unit cell (this campaign),0.04689444526895326
E033,,0.0,0.0130685,5.6049999999999994e-05,0.0130685,0.0018558679706601469,0.0018558679706601469,0.015727694666611416,0.0,0.0,117,nan,nan,nan,nan,nan,nan,5.316649607949485,nan,nan,5.316650296191079,1.0,700.0,700.0,nan,nan,nan,nan,nan,nan,nan,1.0,1.0,1.0,94.96636408243374,27.83055555555556,94.96636408243374,59.18175126554705,,59.18175126554705,3.00000132,2.43785209,0.006,0.3054743214285715,MISSING,0.3114743214285715,0.0,150,150,150,0.3114743214285715,511.982025,509.640181,nan,nan,243.03202500000003,298.410384,298.15,298.412815,0.0012455791041407116,511.5101,509.148241,243.03202500000003,0.008556694870479881,False,51800,0.039950000000000006,False,1165.0,2.437932095,nan,nan,nan,nan,nan,210.8668062032403,210.86683349999998,nan,nan,8.67500000000291,8.67500000000291,18.735632589654998,EFL-1,Plate-Fin,medium,nan,206.2640111387872,nan,206.26403783971395,2678,0.072,0.072,1.8632370042000002,0.0079625513,0.0,holdout_EFL-1,False,True,n,nan,1.0,8.3773295e-07,2.764589e-06,9.3578858e-06,2.4584625e-07,4.7677292e-06,True,rc=0 wall_s=641 iterations=2678 end=2026-09-05_02:26:45 host=SalmiahFRGS21,0,2.173416728430289e-05,True,converged,0.00025,chtMultiRegionSimpleFoam unit cell (this campaign),0.17585416975857474
G001,0.004317984375,0.9927894600000001,1.0058579600000002,0.0042987400000000005,1.0058579600000002,0.0018510906381249154,0.0018510906381249154,0.015687208797668776,0.03595500000000001,0.03595500000000001,117,12.360143489094867,18.12169837462645,14.009915442980347,11.911211024837534,10.669689023044304,9.63676860534928,11.866892614730943,12.336842535276954,12.360143489094867,11.897987396601106,0.1,700.0,700.0,0.14645566742415458,0.2466652412201254,0.2964190249991075,0.33329933080505775,0.36309376708130303,0.38513916943569565,0.3072614013886551,0.14645566742415458,0.3159655031890219,0.38513916943569565,67.54263703321114,66.17115550033472,67.54263703321114,73.32604410143968,2.996826218,73.32604410143968,3.00000132,2.99694047,0.006,0.01053916000000007,MISSING,0.01653916000000007,213.38608314396134,250,250,250,0.01653916000000007,305.527412,304.651755,298.154484,298.566625,36.57741200000005,298.169783,298.15,298.444346,0.1625299691997875,305.106496,299.961026,36.57741200000005,1.5876652836902483,True,14400,0.0039949999999999986,True,1052.1325,2.995663388,1.1692164999999477,1.4009900000000357,1.6301114999999982,1.8107814999999619,1.942465000000027,1.6595046052358915,1.6638530000000173,1.590274185378024,1.6004714999999692,1299.127999999997,1299.127999999997,0.1445976697103546,FC-40,Plate-Fin,coarse,436.4238577000273,419.0076804854391,435.6011251676521,420.1056050095427,1312,0.0653600921345,0.0653600921345,2.26699318872,0.00968800508,0.0,grid_study,True,True,y,0.3072614013886551,0.14645566742415458,3.4241563e-10,1.360379e-10,1.8772541e-09,8.218282e-10,7.5243077e-10,True,rc=0 wall_s=20 iterations=1312 end=2026-09-05_03:43:16 host=SalmiahFRGS21,0,1.083775924310695e-06,True,converged,0.00025,chtMultiRegionSimpleFoam unit cell (this campaign),0.21788288334492087
G002,0.004317984375,0.9927894600000001,1.0058579600000002,0.0042987400000000005,1.0058579600000002,0.0018510906381249154,0.0018510906381249154,0.015687208797668776,0.03595500000000001,0.03595500000000001,117,11.869285966385714,19.41142262126051,12.87952429034896,11.138533725905692,10.121181691974511,9.22101960937299,11.413356007573467,11.879368396163668,11.869285966385714,11.44101236178615,0.1,700.0,700.0,0.14663696997153103,0.24687640233978905,0.2959741367105064,0.33242203220188443,0.3618788358438805,0.38417013195868394,0.30662337541301565,0.14663696893932676,0.3152890398773408,0.38417013195868394,67.54263703321114,66.12383089036027,67.54263703321114,73.32604410143968,2.998593402,73.32604410143968,3.00000132,2.99882048,0.006,0.010545124285714321,MISSING,0.01654512428571432,213.34075776516832,250,250,250,0.01654512428571432,305.531587,304.620043,298.154157,298.576214,36.58158700000003,298.169906,298.15,298.444552,0.15681063547405016,305.083683,300.028393,36.58158700000003,1.6781813967305432,True,254870,0.0039949999999999986,True,1052.1325,2.997466972,1.1204400000000305,1.4866184999999632,1.7355539999999792,1.9116409999999746,2.033922000000018,1.726932371627803,1.7311169999999834,1.6570759603603173,1.6632074999999986,1373.1940000000031,1373.1940000000031,0.08447822949625189,FC-40,Plate-Fin,fine,419.07726182685474,402.9794207886504,419.43324929534043,403.955903218039,1204,0.06535776441949999,0.06535776441949999,2.26699318872,0.00968800508,1.7905889413270283e-14,grid_study,True,True,y,0.30662337541301565,0.14663696893932676,6.102751e-08,3.2163441e-08,1.0834119e-06,7.8165551e-08,1.555193e-07,True,rc=0 wall_s=882 iterations=1204 end=2026-09-05_03:58:02 host=SalmiahFRGS21,0,0.00040570513744136446,True,converged,0.00025,chtMultiRegionSimpleFoam unit cell (this campaign),0.21788288334492087
L005,,0.0,0.0130685,5.6049999999999994e-05,0.0130685,0.0018558679706601469,0.0018558679706601469,0.015727694666611416,0.0,0.0,117,nan,nan,nan,nan,nan,nan,4.049109449465133,nan,nan,4.0491160932568535,1.0,300.0,300.0,nan,nan,nan,nan,nan,nan,nan,1.0,1.0,1.0,67.54263703321114,16.092063695440135,67.54263703321114,13.002184869254062,,13.002184869254062,1.28571384,1.12589626,0.006,0.5005170266666668,MISSING,0.5065170266666668,0.0,40,40,40,0.5065170266666668,448.305108,444.79584,nan,nan,176.95510800000005,298.782662,298.15,298.798337,0.00442747127728416,448.122273,444.585055,176.95510800000005,0.00017682971422319232,False,51800,0.039950000000000006,False,1052.1325,1.216073389,nan,nan,nan,nan,nan,146.110646761184,146.1108865,nan,nan,0.81600000000617,0.81600000000617,5.416481399935786,FC-40,Plate-Fin,medium,nan,137.48020903668166,nan,137.48043461464783,4066,0.06301265,0.06301265,0.40198309164,0.00171787646,0.0,holdout_thermal_load,False,True,n,nan,1.0,1.1514349e-05,6.2573373e-06,3.4837375e-05,2.8253755e-06,1.4293524e-05,False,rc=0 wall_s=981 iterations=4066 end=2026-09-05_02:43:19 host=SalmiahFRGS21,0,0.0007896263649150105,True,envelope,0.00025,chtMultiRegionSimpleFoam unit cell (this campaign),0.03863502475570145
L010,,0.0,0.0130685,5.6049999999999994e-05,0.0130685,0.0018558679706601469,0.0018558679706601469,0.015727694666611416,0.0,0.0,117,nan,nan,nan,nan,nan,nan,4.369391580728234,nan,nan,4.369398449370846,1.0,500.0,500.0,nan,nan,nan,nan,nan,nan,nan,1.0,1.0,1.0,67.54263703321114,16.092063695440135,67.54263703321114,13.002184869254062,,13.002184869254062,2.14285404,1.81284204,0.006,0.44820210599999993,MISSING,0.45420210599999994,0.0,40,40,40,0.45420210599999994,522.251053,516.987926,nan,nan,252.10105299999998,299.056645,298.15,299.096886,0.004333840073783225,521.940408,516.636604,252.10105299999998,0.00017812993270880588,False,51800,0.039950000000000006,False,1052.1325,1.8118036539,nan,nan,nan,nan,nan,218.01281828589305,218.01316100000008,nan,nan,0.8220000000001164,0.8220000000001164,15.449040388210483,FC-40,Plate-Fin,medium,nan,148.35481119459106,nan,148.3550444069638,4008,0.06301265,0.06301265,0.40198309164,0.00171787646,0.0,holdout_thermal_load,False,True,n,nan,1.0,1.1948197e-05,6.908658e-06,3.723983e-05,3.9791167e-06,1.5922704e-05,False,rc=0 wall_s=941 iterations=4008 end=2026-09-05_02:59:12 host=SalmiahFRGS21,0,0.00020405242979629513,True,envelope,0.00025,chtMultiRegionSimpleFoam unit cell (this campaign),0.03863502475570145
L015,,0.0,0.0130685,5.6049999999999994e-05,0.0130685,0.0018558679706601469,0.0018558679706601469,0.015727694666611416,0.0,0.0,117,nan,nan,nan,nan,nan,nan,5.016122331227925,nan,nan,5.016127721672342,1.0,850.0,850.0,nan,nan,nan,nan,nan,nan,nan,1.0,1.0,1.0,67.54263703321114,16.092063695440135,67.54263703321114,13.002184869254062,,13.002184869254062,3.64285824,3.16834658,0.006,0.4064202023529412,MISSING,0.4124202023529412,0.0,40,40,40,0.4124202023529412,643.607172,631.243929,nan,nan,375.55717200000004,299.249692,298.15,299.341864,0.0035845887873371045,643.093652,630.646716,375.55717200000004,0.00017617960497723207,False,51800,0.039950000000000006,False,1052.1325,2.3281337224999996,nan,nan,nan,nan,nan,331.90042733190313,331.900784,nan,nan,0.8129999999946449,0.8129999999946449,36.0904660813812,FC-40,Plate-Fin,medium,nan,170.3133874886679,nan,170.31357051148674,4020,0.06301265,0.06301265,0.40198309164,0.00171787646,0.0,holdout_thermal_load,False,True,n,nan,1.0,1.1269693e-05,1.10961e-05,3.6959997e-05,1.9602371e-06,3.3243892e-05,False,rc=0 wall_s=861 iterations=4020 end=2026-09-05_03:13:47 host=SalmiahFRGS21,0,0.0002466022161665042,True,envelope,0.00025,chtMultiRegionSimpleFoam unit cell (this campaign),0.03863502475570145
L020,,0.0,0.0130685,5.6049999999999994e-05,0.0130685,0.0018558679706601469,0.0018558679706601469,0.015727694666611416,0.0,0.0,117,nan,nan,nan,nan,nan,nan,4.17260921295179,nan,nan,4.1726146015976635,1.0,1000.0,1000.0,nan,nan,nan,nan,nan,nan,nan,1.0,1.0,1.0,67.54263703321114,16.092063695440135,67.54263703321114,13.002184869254062,,13.002184869254062,4.28571516,3.36568115,0.006,0.430541967,MISSING,0.43654196700000003,0.0,40,40,40,0.43654196700000003,728.691967,723.533718,nan,nan,461.541967,299.665582,298.15,299.818534,0.003928910144889231,728.075551,722.83113,461.541967,0.00017791322962681914,False,51800,0.039950000000000006,False,1052.1325,3.365066935,nan,nan,nan,nan,nan,423.84631563081604,423.84686300000004,nan,nan,0.8209999999962747,0.8209999999962747,21.481787534382,FC-40,Plate-Fin,medium,nan,141.6734207816418,nan,141.67360374339435,4057,0.06301265,0.06301265,0.40198309164,0.00171787646,0.0,holdout_thermal_load,False,True,n,nan,1.0,1.0741686e-05,1.280185e-05,3.6026711e-05,1.740131e-06,4.241901e-05,False,rc=0 wall_s=681 iterations=4057 end=2026-09-05_03:27:27 host=SalmiahFRGS21,0,0.00034072020384542234,True,envelope,0.00025,chtMultiRegionSimpleFoam unit cell (this campaign),0.03863502475570145
L025,,0.0,0.0130685,5.6049999999999994e-05,0.0130685,0.0018558679706601469,0.0018558679706601469,0.015727694666611416,0.0,0.0,117,nan,nan,nan,nan,nan,nan,5.286773937268206,nan,nan,5.286783247707217,1.0,1200.0,1200.0,nan,nan,nan,nan,nan,nan,nan,1.0,1.0,1.0,67.54263703321114,16.092063695440135,67.54263703321114,13.002184869254062,,13.002184869254062,5.14285536,4.37302315,0.006,0.3822103341666667,MISSING,0.3882103341666667,0.0,40,40,40,0.3882103341666667,756.802401,734.636976,nan,nan,490.85240100000004,300.51567,298.15,300.148087,0.004586512173341525,756.12497,733.794107,490.85240100000004,0.0001755294957344253,False,51800,0.039950000000000006,False,1052.1325,4.1910084551,nan,nan,nan,nan,nan,434.6442980560306,434.6450635000001,nan,nan,0.8099999999976717,0.8099999999976717,18.50814067809988,FC-40,Plate-Fin,medium,nan,179.5028746682369,nan,179.5031907874027,4056,0.06301265,0.06301265,0.40198309164,0.00171787646,0.0,holdout_thermal_load,False,True,n,nan,1.0,1.0745017e-05,6.0213618e-06,3.6621825e-05,1.1498104e-06,1.675413e-05,False,rc=0 wall_s=921 iterations=4056 end=2026-09-05_03:42:52 host=SalmiahFRGS21,0,0.00023874214907110503,True,envelope,0.00025,chtMultiRegionSimpleFoam unit cell (this campaign),0.03863502475570145
