case_id,campaign_group,open_ratio,reynolds_number,fluid,topology,tdp_per_chip_W,num_chips,total_heat_W,inlet_temp_C,inlet_velocity_m_s,flow_rate_LPM,is_out_of_sample
DOE_Case_001,Baseline_OpenRatio_Reynolds,0.0,25,FC-40,Plate-Fin,700.0,2,1400.0,25.0,0.000699,0.261,False
DOE_Case_002,Baseline_OpenRatio_Reynolds,0.0,50,FC-40,Plate-Fin,700.0,2,1400.0,25.0,0.001398,0.522,False
DOE_Case_003,Baseline_OpenRatio_Reynolds,0.0,100,FC-40,Plate-Fin,700.0,2,1400.0,25.0,0.002796,1.044,False
DOE_Case_004,Baseline_OpenRatio_Reynolds,0.0,150,FC-40,Plate-Fin,700.0,2,1400.0,25.0,0.004194,1.566,False
DOE_Case_005,Baseline_OpenRatio_Reynolds,0.0,250,FC-40,Plate-Fin,700.0,2,1400.0,25.0,0.006991,2.61,False
DOE_Case_006,Baseline_OpenRatio_Reynolds,0.0,350,FC-40,Plate-Fin,700.0,2,1400.0,25.0,0.009787,3.654,False
DOE_Case_007,Baseline_OpenRatio_Reynolds,0.0,500,FC-40,Plate-Fin,700.0,2,1400.0,25.0,0.013981,5.22,False
DOE_Case_008,Baseline_OpenRatio_Reynolds,0.0,750,FC-40,Plate-Fin,700.0,2,1400.0,25.0,0.020972,7.83,False
DOE_Case_009,Baseline_OpenRatio_Reynolds,0.0,1000,FC-40,Plate-Fin,700.0,2,1400.0,25.0,0.027962,10.441,False
DOE_Case_010,Baseline_OpenRatio_Reynolds,0.1,25,FC-40,Plate-Fin,700.0,2,1400.0,25.0,0.000699,0.261,False
DOE_Case_011,Baseline_OpenRatio_Reynolds,0.1,50,FC-40,Plate-Fin,700.0,2,1400.0,25.0,0.001398,0.522,False
DOE_Case_012,Baseline_OpenRatio_Reynolds,0.1,100,FC-40,Plate-Fin,700.0,2,1400.0,25.0,0.002796,1.044,False
DOE_Case_013,Baseline_OpenRatio_Reynolds,0.1,150,FC-40,Plate-Fin,700.0,2,1400.0,25.0,0.004194,1.566,False
DOE_Case_014,Baseline_OpenRatio_Reynolds,0.1,250,FC-40,Plate-Fin,700.0,2,1400.0,25.0,0.006991,2.61,False
DOE_Case_015,Baseline_OpenRatio_Reynolds,0.1,350,FC-40,Plate-Fin,700.0,2,1400.0,25.0,0.009787,3.654,False
DOE_Case_016,Baseline_OpenRatio_Reynolds,0.1,500,FC-40,Plate-Fin,700.0,2,1400.0,25.0,0.013981,5.22,False
DOE_Case_017,Baseline_OpenRatio_Reynolds,0.1,750,FC-40,Plate-Fin,700.0,2,1400.0,25.0,0.020972,7.83,False
DOE_Case_018,Baseline_OpenRatio_Reynolds,0.1,1000,FC-40,Plate-Fin,700.0,2,1400.0,25.0,0.027962,10.441,False
DOE_Case_019,Baseline_OpenRatio_Reynolds,0.2,25,FC-40,Plate-Fin,700.0,2,1400.0,25.0,0.000699,0.261,False
DOE_Case_020,Baseline_OpenRatio_Reynolds,0.2,50,FC-40,Plate-Fin,700.0,2,1400.0,25.0,0.001398,0.522,False
DOE_Case_021,Baseline_OpenRatio_Reynolds,0.2,100,FC-40,Plate-Fin,700.0,2,1400.0,25.0,0.002796,1.044,False
DOE_Case_022,Baseline_OpenRatio_Reynolds,0.2,150,FC-40,Plate-Fin,700.0,2,1400.0,25.0,0.004194,1.566,False
DOE_Case_023,Baseline_OpenRatio_Reynolds,0.2,250,FC-40,Plate-Fin,700.0,2,1400.0,25.0,0.006991,2.61,False
DOE_Case_024,Baseline_OpenRatio_Reynolds,0.2,350,FC-40,Plate-Fin,700.0,2,1400.0,25.0,0.009787,3.654,False
DOE_Case_025,Baseline_OpenRatio_Reynolds,0.2,500,FC-40,Plate-Fin,700.0,2,1400.0,25.0,0.013981,5.22,False
DOE_Case_026,Baseline_OpenRatio_Reynolds,0.2,750,FC-40,Plate-Fin,700.0,2,1400.0,25.0,0.020972,7.83,False
DOE_Case_027,Baseline_OpenRatio_Reynolds,0.2,1000,FC-40,Plate-Fin,700.0,2,1400.0,25.0,0.027962,10.441,False
DOE_Case_028,Baseline_OpenRatio_Reynolds,0.3,25,FC-40,Plate-Fin,700.0,2,1400.0,25.0,0.000699,0.261,False
DOE_Case_029,Baseline_OpenRatio_Reynolds,0.3,50,FC-40,Plate-Fin,700.0,2,1400.0,25.0,0.001398,0.522,False
DOE_Case_030,Baseline_OpenRatio_Reynolds,0.3,100,FC-40,Plate-Fin,700.0,2,1400.0,25.0,0.002796,1.044,False
DOE_Case_031,Baseline_OpenRatio_Reynolds,0.3,150,FC-40,Plate-Fin,700.0,2,1400.0,25.0,0.004194,1.566,False
DOE_Case_032,Baseline_OpenRatio_Reynolds,0.3,250,FC-40,Plate-Fin,700.0,2,1400.0,25.0,0.006991,2.61,False
DOE_Case_033,Baseline_OpenRatio_Reynolds,0.3,350,FC-40,Plate-Fin,700.0,2,1400.0,25.0,0.009787,3.654,False
DOE_Case_034,Baseline_OpenRatio_Reynolds,0.3,500,FC-40,Plate-Fin,700.0,2,1400.0,25.0,0.013981,5.22,False
DOE_Case_035,Baseline_OpenRatio_Reynolds,0.3,750,FC-40,Plate-Fin,700.0,2,1400.0,25.0,0.020972,7.83,False
DOE_Case_036,Baseline_OpenRatio_Reynolds,0.3,1000,FC-40,Plate-Fin,700.0,2,1400.0,25.0,0.027962,10.441,False
DOE_Case_037,Baseline_OpenRatio_Reynolds,0.4,25,FC-40,Plate-Fin,700.0,2,1400.0,25.0,0.000699,0.261,False
DOE_Case_038,Baseline_OpenRatio_Reynolds,0.4,50,FC-40,Plate-Fin,700.0,2,1400.0,25.0,0.001398,0.522,False
DOE_Case_039,Baseline_OpenRatio_Reynolds,0.4,100,FC-40,Plate-Fin,700.0,2,1400.0,25.0,0.002796,1.044,False
DOE_Case_040,Baseline_OpenRatio_Reynolds,0.4,150,FC-40,Plate-Fin,700.0,2,1400.0,25.0,0.004194,1.566,False
DOE_Case_041,Baseline_OpenRatio_Reynolds,0.4,250,FC-40,Plate-Fin,700.0,2,1400.0,25.0,0.006991,2.61,False
DOE_Case_042,Baseline_OpenRatio_Reynolds,0.4,350,FC-40,Plate-Fin,700.0,2,1400.0,25.0,0.009787,3.654,False
DOE_Case_043,Baseline_OpenRatio_Reynolds,0.4,500,FC-40,Plate-Fin,700.0,2,1400.0,25.0,0.013981,5.22,False
DOE_Case_044,Baseline_OpenRatio_Reynolds,0.4,750,FC-40,Plate-Fin,700.0,2,1400.0,25.0,0.020972,7.83,False
DOE_Case_045,Baseline_OpenRatio_Reynolds,0.4,1000,FC-40,Plate-Fin,700.0,2,1400.0,25.0,0.027962,10.441,False
DOE_Case_046,Baseline_OpenRatio_Reynolds,0.5,25,FC-40,Plate-Fin,700.0,2,1400.0,25.0,0.000699,0.261,False
DOE_Case_047,Baseline_OpenRatio_Reynolds,0.5,50,FC-40,Plate-Fin,700.0,2,1400.0,25.0,0.001398,0.522,False
DOE_Case_048,Baseline_OpenRatio_Reynolds,0.5,100,FC-40,Plate-Fin,700.0,2,1400.0,25.0,0.002796,1.044,False
DOE_Case_049,Baseline_OpenRatio_Reynolds,0.5,150,FC-40,Plate-Fin,700.0,2,1400.0,25.0,0.004194,1.566,False
DOE_Case_050,Baseline_OpenRatio_Reynolds,0.5,250,FC-40,Plate-Fin,700.0,2,1400.0,25.0,0.006991,2.61,False
DOE_Case_051,Baseline_OpenRatio_Reynolds,0.5,350,FC-40,Plate-Fin,700.0,2,1400.0,25.0,0.009787,3.654,False
DOE_Case_052,Baseline_OpenRatio_Reynolds,0.5,500,FC-40,Plate-Fin,700.0,2,1400.0,25.0,0.013981,5.22,False
DOE_Case_053,Baseline_OpenRatio_Reynolds,0.5,750,FC-40,Plate-Fin,700.0,2,1400.0,25.0,0.020972,7.83,False
DOE_Case_054,Baseline_OpenRatio_Reynolds,0.5,1000,FC-40,Plate-Fin,700.0,2,1400.0,25.0,0.027962,10.441,False
DOE_Case_055,Baseline_OpenRatio_Reynolds,0.6,25,FC-40,Plate-Fin,700.0,2,1400.0,25.0,0.000699,0.261,False
DOE_Case_056,Baseline_OpenRatio_Reynolds,0.6,50,FC-40,Plate-Fin,700.0,2,1400.0,25.0,0.001398,0.522,False
DOE_Case_057,Baseline_OpenRatio_Reynolds,0.6,100,FC-40,Plate-Fin,700.0,2,1400.0,25.0,0.002796,1.044,False
DOE_Case_058,Baseline_OpenRatio_Reynolds,0.6,150,FC-40,Plate-Fin,700.0,2,1400.0,25.0,0.004194,1.566,False
DOE_Case_059,Baseline_OpenRatio_Reynolds,0.6,250,FC-40,Plate-Fin,700.0,2,1400.0,25.0,0.006991,2.61,False
DOE_Case_060,Baseline_OpenRatio_Reynolds,0.6,350,FC-40,Plate-Fin,700.0,2,1400.0,25.0,0.009787,3.654,False
DOE_Case_061,Baseline_OpenRatio_Reynolds,0.6,500,FC-40,Plate-Fin,700.0,2,1400.0,25.0,0.013981,5.22,False
DOE_Case_062,Baseline_OpenRatio_Reynolds,0.6,750,FC-40,Plate-Fin,700.0,2,1400.0,25.0,0.020972,7.83,False
DOE_Case_063,Baseline_OpenRatio_Reynolds,0.6,1000,FC-40,Plate-Fin,700.0,2,1400.0,25.0,0.027962,10.441,False
DOE_Case_064,Baseline_OpenRatio_Reynolds,0.7,25,FC-40,Plate-Fin,700.0,2,1400.0,25.0,0.000699,0.261,False
DOE_Case_065,Baseline_OpenRatio_Reynolds,0.7,50,FC-40,Plate-Fin,700.0,2,1400.0,25.0,0.001398,0.522,False
DOE_Case_066,Baseline_OpenRatio_Reynolds,0.7,100,FC-40,Plate-Fin,700.0,2,1400.0,25.0,0.002796,1.044,False
DOE_Case_067,Baseline_OpenRatio_Reynolds,0.7,150,FC-40,Plate-Fin,700.0,2,1400.0,25.0,0.004194,1.566,False
DOE_Case_068,Baseline_OpenRatio_Reynolds,0.7,250,FC-40,Plate-Fin,700.0,2,1400.0,25.0,0.006991,2.61,False
DOE_Case_069,Baseline_OpenRatio_Reynolds,0.7,350,FC-40,Plate-Fin,700.0,2,1400.0,25.0,0.009787,3.654,False
DOE_Case_070,Baseline_OpenRatio_Reynolds,0.7,500,FC-40,Plate-Fin,700.0,2,1400.0,25.0,0.013981,5.22,False
DOE_Case_071,Baseline_OpenRatio_Reynolds,0.7,750,FC-40,Plate-Fin,700.0,2,1400.0,25.0,0.020972,7.83,False
DOE_Case_072,Baseline_OpenRatio_Reynolds,0.7,1000,FC-40,Plate-Fin,700.0,2,1400.0,25.0,0.027962,10.441,False
DOE_Case_073,Baseline_OpenRatio_Reynolds,0.8,25,FC-40,Plate-Fin,700.0,2,1400.0,25.0,0.000699,0.261,False
DOE_Case_074,Baseline_OpenRatio_Reynolds,0.8,50,FC-40,Plate-Fin,700.0,2,1400.0,25.0,0.001398,0.522,False
DOE_Case_075,Baseline_OpenRatio_Reynolds,0.8,100,FC-40,Plate-Fin,700.0,2,1400.0,25.0,0.002796,1.044,False
DOE_Case_076,Baseline_OpenRatio_Reynolds,0.8,150,FC-40,Plate-Fin,700.0,2,1400.0,25.0,0.004194,1.566,False
DOE_Case_077,Baseline_OpenRatio_Reynolds,0.8,250,FC-40,Plate-Fin,700.0,2,1400.0,25.0,0.006991,2.61,False
DOE_Case_078,Baseline_OpenRatio_Reynolds,0.8,350,FC-40,Plate-Fin,700.0,2,1400.0,25.0,0.009787,3.654,False
DOE_Case_079,Baseline_OpenRatio_Reynolds,0.8,500,FC-40,Plate-Fin,700.0,2,1400.0,25.0,0.013981,5.22,False
DOE_Case_080,Baseline_OpenRatio_Reynolds,0.8,750,FC-40,Plate-Fin,700.0,2,1400.0,25.0,0.020972,7.83,False
DOE_Case_081,Baseline_OpenRatio_Reynolds,0.8,1000,FC-40,Plate-Fin,700.0,2,1400.0,25.0,0.027962,10.441,False
DOE_Case_082,Baseline_OpenRatio_Reynolds,0.9,25,FC-40,Plate-Fin,700.0,2,1400.0,25.0,0.000699,0.261,False
DOE_Case_083,Baseline_OpenRatio_Reynolds,0.9,50,FC-40,Plate-Fin,700.0,2,1400.0,25.0,0.001398,0.522,False
DOE_Case_084,Baseline_OpenRatio_Reynolds,0.9,100,FC-40,Plate-Fin,700.0,2,1400.0,25.0,0.002796,1.044,False
DOE_Case_085,Baseline_OpenRatio_Reynolds,0.9,150,FC-40,Plate-Fin,700.0,2,1400.0,25.0,0.004194,1.566,False
DOE_Case_086,Baseline_OpenRatio_Reynolds,0.9,250,FC-40,Plate-Fin,700.0,2,1400.0,25.0,0.006991,2.61,False
DOE_Case_087,Baseline_OpenRatio_Reynolds,0.9,350,FC-40,Plate-Fin,700.0,2,1400.0,25.0,0.009787,3.654,False
DOE_Case_088,Baseline_OpenRatio_Reynolds,0.9,500,FC-40,Plate-Fin,700.0,2,1400.0,25.0,0.013981,5.22,False
DOE_Case_089,Baseline_OpenRatio_Reynolds,0.9,750,FC-40,Plate-Fin,700.0,2,1400.0,25.0,0.020972,7.83,False
DOE_Case_090,Baseline_OpenRatio_Reynolds,0.9,1000,FC-40,Plate-Fin,700.0,2,1400.0,25.0,0.027962,10.441,False
DOE_Case_091,Baseline_OpenRatio_Reynolds,1.0,25,FC-40,Plate-Fin,700.0,2,1400.0,25.0,0.000699,0.261,False
DOE_Case_092,Baseline_OpenRatio_Reynolds,1.0,50,FC-40,Plate-Fin,700.0,2,1400.0,25.0,0.001398,0.522,False
DOE_Case_093,Baseline_OpenRatio_Reynolds,1.0,100,FC-40,Plate-Fin,700.0,2,1400.0,25.0,0.002796,1.044,False
DOE_Case_094,Baseline_OpenRatio_Reynolds,1.0,150,FC-40,Plate-Fin,700.0,2,1400.0,25.0,0.004194,1.566,False
DOE_Case_095,Baseline_OpenRatio_Reynolds,1.0,250,FC-40,Plate-Fin,700.0,2,1400.0,25.0,0.006991,2.61,False
DOE_Case_096,Baseline_OpenRatio_Reynolds,1.0,350,FC-40,Plate-Fin,700.0,2,1400.0,25.0,0.009787,3.654,False
DOE_Case_097,Baseline_OpenRatio_Reynolds,1.0,500,FC-40,Plate-Fin,700.0,2,1400.0,25.0,0.013981,5.22,False
DOE_Case_098,Baseline_OpenRatio_Reynolds,1.0,750,FC-40,Plate-Fin,700.0,2,1400.0,25.0,0.020972,7.83,False
DOE_Case_099,Baseline_OpenRatio_Reynolds,1.0,1000,FC-40,Plate-Fin,700.0,2,1400.0,25.0,0.027962,10.441,False
DOE_Case_100,Fluid_Sensitivity,0.0,50,PAO-4,Plate-Fin,700.0,2,1400.0,25.0,0.013235,4.942,False
DOE_Case_101,Fluid_Sensitivity,0.0,250,PAO-4,Plate-Fin,700.0,2,1400.0,25.0,0.066177,24.709,False
DOE_Case_102,Fluid_Sensitivity,0.0,750,PAO-4,Plate-Fin,700.0,2,1400.0,25.0,0.198532,74.128,False
DOE_Case_103,Fluid_Sensitivity,0.1,50,PAO-4,Plate-Fin,700.0,2,1400.0,25.0,0.013235,4.942,False
DOE_Case_104,Fluid_Sensitivity,0.1,250,PAO-4,Plate-Fin,700.0,2,1400.0,25.0,0.066177,24.709,False
DOE_Case_105,Fluid_Sensitivity,0.1,750,PAO-4,Plate-Fin,700.0,2,1400.0,25.0,0.198532,74.128,False
DOE_Case_106,Fluid_Sensitivity,0.2,50,PAO-4,Plate-Fin,700.0,2,1400.0,25.0,0.013235,4.942,False
DOE_Case_107,Fluid_Sensitivity,0.2,250,PAO-4,Plate-Fin,700.0,2,1400.0,25.0,0.066177,24.709,False
DOE_Case_108,Fluid_Sensitivity,0.2,750,PAO-4,Plate-Fin,700.0,2,1400.0,25.0,0.198532,74.128,False
DOE_Case_109,Fluid_Sensitivity,0.3,50,PAO-4,Plate-Fin,700.0,2,1400.0,25.0,0.013235,4.942,False
DOE_Case_110,Fluid_Sensitivity,0.3,250,PAO-4,Plate-Fin,700.0,2,1400.0,25.0,0.066177,24.709,False
DOE_Case_111,Fluid_Sensitivity,0.3,750,PAO-4,Plate-Fin,700.0,2,1400.0,25.0,0.198532,74.128,False
DOE_Case_112,Fluid_Sensitivity,0.4,50,PAO-4,Plate-Fin,700.0,2,1400.0,25.0,0.013235,4.942,False
DOE_Case_113,Fluid_Sensitivity,0.4,250,PAO-4,Plate-Fin,700.0,2,1400.0,25.0,0.066177,24.709,False
DOE_Case_114,Fluid_Sensitivity,0.4,750,PAO-4,Plate-Fin,700.0,2,1400.0,25.0,0.198532,74.128,False
DOE_Case_115,Fluid_Sensitivity,0.5,50,PAO-4,Plate-Fin,700.0,2,1400.0,25.0,0.013235,4.942,False
DOE_Case_116,Fluid_Sensitivity,0.5,250,PAO-4,Plate-Fin,700.0,2,1400.0,25.0,0.066177,24.709,False
DOE_Case_117,Fluid_Sensitivity,0.5,750,PAO-4,Plate-Fin,700.0,2,1400.0,25.0,0.198532,74.128,False
DOE_Case_118,Fluid_Sensitivity,0.6,50,PAO-4,Plate-Fin,700.0,2,1400.0,25.0,0.013235,4.942,False
DOE_Case_119,Fluid_Sensitivity,0.6,250,PAO-4,Plate-Fin,700.0,2,1400.0,25.0,0.066177,24.709,False
DOE_Case_120,Fluid_Sensitivity,0.6,750,PAO-4,Plate-Fin,700.0,2,1400.0,25.0,0.198532,74.128,False
DOE_Case_121,Fluid_Sensitivity,0.7,50,PAO-4,Plate-Fin,700.0,2,1400.0,25.0,0.013235,4.942,False
DOE_Case_122,Fluid_Sensitivity,0.7,250,PAO-4,Plate-Fin,700.0,2,1400.0,25.0,0.066177,24.709,False
DOE_Case_123,Fluid_Sensitivity,0.7,750,PAO-4,Plate-Fin,700.0,2,1400.0,25.0,0.198532,74.128,False
DOE_Case_124,Fluid_Sensitivity,0.8,50,PAO-4,Plate-Fin,700.0,2,1400.0,25.0,0.013235,4.942,False
DOE_Case_125,Fluid_Sensitivity,0.8,250,PAO-4,Plate-Fin,700.0,2,1400.0,25.0,0.066177,24.709,False
DOE_Case_126,Fluid_Sensitivity,0.8,750,PAO-4,Plate-Fin,700.0,2,1400.0,25.0,0.198532,74.128,False
DOE_Case_127,Fluid_Sensitivity,0.9,50,PAO-4,Plate-Fin,700.0,2,1400.0,25.0,0.013235,4.942,False
DOE_Case_128,Fluid_Sensitivity,0.9,250,PAO-4,Plate-Fin,700.0,2,1400.0,25.0,0.066177,24.709,False
DOE_Case_129,Fluid_Sensitivity,0.9,750,PAO-4,Plate-Fin,700.0,2,1400.0,25.0,0.198532,74.128,False
DOE_Case_130,Fluid_Sensitivity,1.0,50,PAO-4,Plate-Fin,700.0,2,1400.0,25.0,0.013235,4.942,False
DOE_Case_131,Fluid_Sensitivity,1.0,250,PAO-4,Plate-Fin,700.0,2,1400.0,25.0,0.066177,24.709,False
DOE_Case_132,Fluid_Sensitivity,1.0,750,PAO-4,Plate-Fin,700.0,2,1400.0,25.0,0.198532,74.128,False
DOE_Case_133,Fluid_Sensitivity,0.0,50,EFL-1,Plate-Fin,700.0,2,1400.0,25.0,0.001087,0.406,False
DOE_Case_134,Fluid_Sensitivity,0.0,250,EFL-1,Plate-Fin,700.0,2,1400.0,25.0,0.005433,2.029,False
DOE_Case_135,Fluid_Sensitivity,0.0,750,EFL-1,Plate-Fin,700.0,2,1400.0,25.0,0.016299,6.086,False
DOE_Case_136,Fluid_Sensitivity,0.1,50,EFL-1,Plate-Fin,700.0,2,1400.0,25.0,0.001087,0.406,False
DOE_Case_137,Fluid_Sensitivity,0.1,250,EFL-1,Plate-Fin,700.0,2,1400.0,25.0,0.005433,2.029,False
DOE_Case_138,Fluid_Sensitivity,0.1,750,EFL-1,Plate-Fin,700.0,2,1400.0,25.0,0.016299,6.086,False
DOE_Case_139,Fluid_Sensitivity,0.2,50,EFL-1,Plate-Fin,700.0,2,1400.0,25.0,0.001087,0.406,False
DOE_Case_140,Fluid_Sensitivity,0.2,250,EFL-1,Plate-Fin,700.0,2,1400.0,25.0,0.005433,2.029,False
DOE_Case_141,Fluid_Sensitivity,0.2,750,EFL-1,Plate-Fin,700.0,2,1400.0,25.0,0.016299,6.086,False
DOE_Case_142,Fluid_Sensitivity,0.3,50,EFL-1,Plate-Fin,700.0,2,1400.0,25.0,0.001087,0.406,False
DOE_Case_143,Fluid_Sensitivity,0.3,250,EFL-1,Plate-Fin,700.0,2,1400.0,25.0,0.005433,2.029,False
DOE_Case_144,Fluid_Sensitivity,0.3,750,EFL-1,Plate-Fin,700.0,2,1400.0,25.0,0.016299,6.086,False
DOE_Case_145,Fluid_Sensitivity,0.4,50,EFL-1,Plate-Fin,700.0,2,1400.0,25.0,0.001087,0.406,False
DOE_Case_146,Fluid_Sensitivity,0.4,250,EFL-1,Plate-Fin,700.0,2,1400.0,25.0,0.005433,2.029,False
DOE_Case_147,Fluid_Sensitivity,0.4,750,EFL-1,Plate-Fin,700.0,2,1400.0,25.0,0.016299,6.086,False
DOE_Case_148,Fluid_Sensitivity,0.5,50,EFL-1,Plate-Fin,700.0,2,1400.0,25.0,0.001087,0.406,False
DOE_Case_149,Fluid_Sensitivity,0.5,250,EFL-1,Plate-Fin,700.0,2,1400.0,25.0,0.005433,2.029,False
DOE_Case_150,Fluid_Sensitivity,0.5,750,EFL-1,Plate-Fin,700.0,2,1400.0,25.0,0.016299,6.086,False
DOE_Case_151,Fluid_Sensitivity,0.6,50,EFL-1,Plate-Fin,700.0,2,1400.0,25.0,0.001087,0.406,False
DOE_Case_152,Fluid_Sensitivity,0.6,250,EFL-1,Plate-Fin,700.0,2,1400.0,25.0,0.005433,2.029,False
DOE_Case_153,Fluid_Sensitivity,0.6,750,EFL-1,Plate-Fin,700.0,2,1400.0,25.0,0.016299,6.086,False
DOE_Case_154,Fluid_Sensitivity,0.7,50,EFL-1,Plate-Fin,700.0,2,1400.0,25.0,0.001087,0.406,False
DOE_Case_155,Fluid_Sensitivity,0.7,250,EFL-1,Plate-Fin,700.0,2,1400.0,25.0,0.005433,2.029,False
DOE_Case_156,Fluid_Sensitivity,0.7,750,EFL-1,Plate-Fin,700.0,2,1400.0,25.0,0.016299,6.086,False
DOE_Case_157,Fluid_Sensitivity,0.8,50,EFL-1,Plate-Fin,700.0,2,1400.0,25.0,0.001087,0.406,False
DOE_Case_158,Fluid_Sensitivity,0.8,250,EFL-1,Plate-Fin,700.0,2,1400.0,25.0,0.005433,2.029,False
DOE_Case_159,Fluid_Sensitivity,0.8,750,EFL-1,Plate-Fin,700.0,2,1400.0,25.0,0.016299,6.086,False
DOE_Case_160,Fluid_Sensitivity,0.9,50,EFL-1,Plate-Fin,700.0,2,1400.0,25.0,0.001087,0.406,False
DOE_Case_161,Fluid_Sensitivity,0.9,250,EFL-1,Plate-Fin,700.0,2,1400.0,25.0,0.005433,2.029,False
DOE_Case_162,Fluid_Sensitivity,0.9,750,EFL-1,Plate-Fin,700.0,2,1400.0,25.0,0.016299,6.086,False
DOE_Case_163,Fluid_Sensitivity,1.0,50,EFL-1,Plate-Fin,700.0,2,1400.0,25.0,0.001087,0.406,False
DOE_Case_164,Fluid_Sensitivity,1.0,250,EFL-1,Plate-Fin,700.0,2,1400.0,25.0,0.005433,2.029,False
DOE_Case_165,Fluid_Sensitivity,1.0,750,EFL-1,Plate-Fin,700.0,2,1400.0,25.0,0.016299,6.086,False
DOE_Case_166,Topology_Sensitivity,0.0,100,FC-40,Micro-Pin-Fin,700.0,2,1400.0,25.0,0.002796,1.044,False
DOE_Case_167,Topology_Sensitivity,0.0,500,FC-40,Micro-Pin-Fin,700.0,2,1400.0,25.0,0.013981,5.22,False
DOE_Case_168,Topology_Sensitivity,0.1,100,FC-40,Micro-Pin-Fin,700.0,2,1400.0,25.0,0.002796,1.044,False
DOE_Case_169,Topology_Sensitivity,0.1,500,FC-40,Micro-Pin-Fin,700.0,2,1400.0,25.0,0.013981,5.22,False
DOE_Case_170,Topology_Sensitivity,0.2,100,FC-40,Micro-Pin-Fin,700.0,2,1400.0,25.0,0.002796,1.044,False
DOE_Case_171,Topology_Sensitivity,0.2,500,FC-40,Micro-Pin-Fin,700.0,2,1400.0,25.0,0.013981,5.22,False
DOE_Case_172,Topology_Sensitivity,0.3,100,FC-40,Micro-Pin-Fin,700.0,2,1400.0,25.0,0.002796,1.044,False
DOE_Case_173,Topology_Sensitivity,0.3,500,FC-40,Micro-Pin-Fin,700.0,2,1400.0,25.0,0.013981,5.22,False
DOE_Case_174,Topology_Sensitivity,0.4,100,FC-40,Micro-Pin-Fin,700.0,2,1400.0,25.0,0.002796,1.044,False
DOE_Case_175,Topology_Sensitivity,0.4,500,FC-40,Micro-Pin-Fin,700.0,2,1400.0,25.0,0.013981,5.22,False
DOE_Case_176,Topology_Sensitivity,0.5,100,FC-40,Micro-Pin-Fin,700.0,2,1400.0,25.0,0.002796,1.044,False
DOE_Case_177,Topology_Sensitivity,0.5,500,FC-40,Micro-Pin-Fin,700.0,2,1400.0,25.0,0.013981,5.22,False
DOE_Case_178,Topology_Sensitivity,0.6,100,FC-40,Micro-Pin-Fin,700.0,2,1400.0,25.0,0.002796,1.044,False
DOE_Case_179,Topology_Sensitivity,0.6,500,FC-40,Micro-Pin-Fin,700.0,2,1400.0,25.0,0.013981,5.22,False
DOE_Case_180,Topology_Sensitivity,0.7,100,FC-40,Micro-Pin-Fin,700.0,2,1400.0,25.0,0.002796,1.044,False
DOE_Case_181,Topology_Sensitivity,0.7,500,FC-40,Micro-Pin-Fin,700.0,2,1400.0,25.0,0.013981,5.22,False
DOE_Case_182,Topology_Sensitivity,0.8,100,FC-40,Micro-Pin-Fin,700.0,2,1400.0,25.0,0.002796,1.044,False
DOE_Case_183,Topology_Sensitivity,0.8,500,FC-40,Micro-Pin-Fin,700.0,2,1400.0,25.0,0.013981,5.22,False
DOE_Case_184,Topology_Sensitivity,0.9,100,FC-40,Micro-Pin-Fin,700.0,2,1400.0,25.0,0.002796,1.044,False
DOE_Case_185,Topology_Sensitivity,0.9,500,FC-40,Micro-Pin-Fin,700.0,2,1400.0,25.0,0.013981,5.22,False
DOE_Case_186,Topology_Sensitivity,1.0,100,FC-40,Micro-Pin-Fin,700.0,2,1400.0,25.0,0.002796,1.044,False
DOE_Case_187,Topology_Sensitivity,1.0,500,FC-40,Micro-Pin-Fin,700.0,2,1400.0,25.0,0.013981,5.22,False
DOE_Case_188,Topology_Sensitivity,0.0,100,FC-40,Oblique-Fin,700.0,2,1400.0,25.0,0.002796,1.044,False
DOE_Case_189,Topology_Sensitivity,0.0,500,FC-40,Oblique-Fin,700.0,2,1400.0,25.0,0.013981,5.22,False
DOE_Case_190,Topology_Sensitivity,0.1,100,FC-40,Oblique-Fin,700.0,2,1400.0,25.0,0.002796,1.044,False
DOE_Case_191,Topology_Sensitivity,0.1,500,FC-40,Oblique-Fin,700.0,2,1400.0,25.0,0.013981,5.22,False
DOE_Case_192,Topology_Sensitivity,0.2,100,FC-40,Oblique-Fin,700.0,2,1400.0,25.0,0.002796,1.044,False
DOE_Case_193,Topology_Sensitivity,0.2,500,FC-40,Oblique-Fin,700.0,2,1400.0,25.0,0.013981,5.22,False
DOE_Case_194,Topology_Sensitivity,0.3,100,FC-40,Oblique-Fin,700.0,2,1400.0,25.0,0.002796,1.044,False
DOE_Case_195,Topology_Sensitivity,0.3,500,FC-40,Oblique-Fin,700.0,2,1400.0,25.0,0.013981,5.22,False
DOE_Case_196,Topology_Sensitivity,0.4,100,FC-40,Oblique-Fin,700.0,2,1400.0,25.0,0.002796,1.044,False
DOE_Case_197,Topology_Sensitivity,0.4,500,FC-40,Oblique-Fin,700.0,2,1400.0,25.0,0.013981,5.22,False
DOE_Case_198,Topology_Sensitivity,0.5,100,FC-40,Oblique-Fin,700.0,2,1400.0,25.0,0.002796,1.044,False
DOE_Case_199,Topology_Sensitivity,0.5,500,FC-40,Oblique-Fin,700.0,2,1400.0,25.0,0.013981,5.22,False
DOE_Case_200,Topology_Sensitivity,0.6,100,FC-40,Oblique-Fin,700.0,2,1400.0,25.0,0.002796,1.044,False
DOE_Case_201,Topology_Sensitivity,0.6,500,FC-40,Oblique-Fin,700.0,2,1400.0,25.0,0.013981,5.22,False
DOE_Case_202,Topology_Sensitivity,0.7,100,FC-40,Oblique-Fin,700.0,2,1400.0,25.0,0.002796,1.044,False
DOE_Case_203,Topology_Sensitivity,0.7,500,FC-40,Oblique-Fin,700.0,2,1400.0,25.0,0.013981,5.22,False
DOE_Case_204,Topology_Sensitivity,0.8,100,FC-40,Oblique-Fin,700.0,2,1400.0,25.0,0.002796,1.044,False
DOE_Case_205,Topology_Sensitivity,0.8,500,FC-40,Oblique-Fin,700.0,2,1400.0,25.0,0.013981,5.22,False
DOE_Case_206,Topology_Sensitivity,0.9,100,FC-40,Oblique-Fin,700.0,2,1400.0,25.0,0.002796,1.044,False
DOE_Case_207,Topology_Sensitivity,0.9,500,FC-40,Oblique-Fin,700.0,2,1400.0,25.0,0.013981,5.22,False
DOE_Case_208,Topology_Sensitivity,1.0,100,FC-40,Oblique-Fin,700.0,2,1400.0,25.0,0.002796,1.044,False
DOE_Case_209,Topology_Sensitivity,1.0,500,FC-40,Oblique-Fin,700.0,2,1400.0,25.0,0.013981,5.22,False
DOE_Case_210,ThermalLoad_Sensitivity,0.0,250,FC-40,Plate-Fin,300.0,2,600.0,25.0,0.006991,2.61,False
DOE_Case_211,ThermalLoad_Sensitivity,0.25,250,FC-40,Plate-Fin,300.0,2,600.0,25.0,0.006991,2.61,False
DOE_Case_212,ThermalLoad_Sensitivity,0.5,250,FC-40,Plate-Fin,300.0,2,600.0,25.0,0.006991,2.61,False
DOE_Case_213,ThermalLoad_Sensitivity,0.75,250,FC-40,Plate-Fin,300.0,2,600.0,25.0,0.006991,2.61,False
DOE_Case_214,ThermalLoad_Sensitivity,1.0,250,FC-40,Plate-Fin,300.0,2,600.0,25.0,0.006991,2.61,False
DOE_Case_215,ThermalLoad_Sensitivity,0.0,250,FC-40,Plate-Fin,500.0,2,1000.0,25.0,0.006991,2.61,False
DOE_Case_216,ThermalLoad_Sensitivity,0.25,250,FC-40,Plate-Fin,500.0,2,1000.0,25.0,0.006991,2.61,False
DOE_Case_217,ThermalLoad_Sensitivity,0.5,250,FC-40,Plate-Fin,500.0,2,1000.0,25.0,0.006991,2.61,False
DOE_Case_218,ThermalLoad_Sensitivity,0.75,250,FC-40,Plate-Fin,500.0,2,1000.0,25.0,0.006991,2.61,False
DOE_Case_219,ThermalLoad_Sensitivity,1.0,250,FC-40,Plate-Fin,500.0,2,1000.0,25.0,0.006991,2.61,False
DOE_Case_220,ThermalLoad_Sensitivity,0.0,250,FC-40,Plate-Fin,850.0,2,1700.0,25.0,0.006991,2.61,False
DOE_Case_221,ThermalLoad_Sensitivity,0.25,250,FC-40,Plate-Fin,850.0,2,1700.0,25.0,0.006991,2.61,False
DOE_Case_222,ThermalLoad_Sensitivity,0.5,250,FC-40,Plate-Fin,850.0,2,1700.0,25.0,0.006991,2.61,False
DOE_Case_223,ThermalLoad_Sensitivity,0.75,250,FC-40,Plate-Fin,850.0,2,1700.0,25.0,0.006991,2.61,False
DOE_Case_224,ThermalLoad_Sensitivity,1.0,250,FC-40,Plate-Fin,850.0,2,1700.0,25.0,0.006991,2.61,False
DOE_Case_225,ThermalLoad_Sensitivity,0.0,250,FC-40,Plate-Fin,1000.0,2,2000.0,25.0,0.006991,2.61,False
DOE_Case_226,ThermalLoad_Sensitivity,0.25,250,FC-40,Plate-Fin,1000.0,2,2000.0,25.0,0.006991,2.61,False
DOE_Case_227,ThermalLoad_Sensitivity,0.5,250,FC-40,Plate-Fin,1000.0,2,2000.0,25.0,0.006991,2.61,False
DOE_Case_228,ThermalLoad_Sensitivity,0.75,250,FC-40,Plate-Fin,1000.0,2,2000.0,25.0,0.006991,2.61,False
DOE_Case_229,ThermalLoad_Sensitivity,1.0,250,FC-40,Plate-Fin,1000.0,2,2000.0,25.0,0.006991,2.61,False
DOE_Case_230,ThermalLoad_Sensitivity,0.0,250,FC-40,Plate-Fin,1200.0,2,2400.0,25.0,0.006991,2.61,False
DOE_Case_231,ThermalLoad_Sensitivity,0.25,250,FC-40,Plate-Fin,1200.0,2,2400.0,25.0,0.006991,2.61,False
DOE_Case_232,ThermalLoad_Sensitivity,0.5,250,FC-40,Plate-Fin,1200.0,2,2400.0,25.0,0.006991,2.61,False
DOE_Case_233,ThermalLoad_Sensitivity,0.75,250,FC-40,Plate-Fin,1200.0,2,2400.0,25.0,0.006991,2.61,False
DOE_Case_234,ThermalLoad_Sensitivity,1.0,250,FC-40,Plate-Fin,1200.0,2,2400.0,25.0,0.006991,2.61,False
DOE_Case_235,OutOfSample_Validation,0.15,75,FC-40,Plate-Fin,700.0,2,1400.0,25.0,0.002097,0.783,True
DOE_Case_236,OutOfSample_Validation,0.35,175,FC-40,Plate-Fin,700.0,2,1400.0,25.0,0.004893,1.827,True
DOE_Case_237,OutOfSample_Validation,0.65,350,FC-40,Plate-Fin,700.0,2,1400.0,25.0,0.009787,3.654,True
DOE_Case_238,OutOfSample_Validation,0.85,600,FC-40,Plate-Fin,700.0,2,1400.0,25.0,0.016777,6.264,True
DOE_Case_239,OutOfSample_Validation,0.25,125,PAO-4,Plate-Fin,700.0,2,1400.0,25.0,0.033089,12.355,True
DOE_Case_240,OutOfSample_Validation,0.75,400,PAO-4,Plate-Fin,700.0,2,1400.0,25.0,0.105884,39.535,True
DOE_Case_241,OutOfSample_Validation,0.15,150,EFL-1,Plate-Fin,700.0,2,1400.0,25.0,0.00326,1.217,True
DOE_Case_242,OutOfSample_Validation,0.65,500,EFL-1,Plate-Fin,700.0,2,1400.0,25.0,0.010866,4.057,True
DOE_Case_243,OutOfSample_Validation,0.35,200,FC-40,Micro-Pin-Fin,700.0,2,1400.0,25.0,0.005592,2.088,True
DOE_Case_244,OutOfSample_Validation,0.75,350,FC-40,Micro-Pin-Fin,700.0,2,1400.0,25.0,0.009787,3.654,True
DOE_Case_245,OutOfSample_Validation,0.25,200,FC-40,Oblique-Fin,700.0,2,1400.0,25.0,0.005592,2.088,True
DOE_Case_246,OutOfSample_Validation,0.85,450,FC-40,Oblique-Fin,700.0,2,1400.0,25.0,0.012583,4.698,True
DOE_Case_247,OutOfSample_Validation,0.5,300,FC-40,Plate-Fin,400.0,2,800.0,25.0,0.008389,3.132,True
DOE_Case_248,OutOfSample_Validation,0.5,300,FC-40,Plate-Fin,600.0,2,1200.0,25.0,0.008389,3.132,True
DOE_Case_249,OutOfSample_Validation,0.5,300,FC-40,Plate-Fin,800.0,2,1600.0,25.0,0.008389,3.132,True
DOE_Case_250,OutOfSample_Validation,0.5,300,FC-40,Plate-Fin,950.0,2,1900.0,25.0,0.008389,3.132,True
