OR,Re_label,Q_LPM,Rth_field,Rth_sealed,c_rth,c_T,dp_field,Wpump_W,passed_validity_envelope,feasible
0.0,2,0.6501092434627032,0.0609845814285714,0.0609845814285714,1.0,67.68920700000002,7.85899999999674,8.515347573952108e-05,y,True
0.0,5,1.6252731086567578,0.03546603,0.03546603,1.0,49.82622100000005,32.046000000002095,0.0008680583673336311,y,True
0.0,10,3.250546217313516,0.0268399585714286,0.0268399585714286,1.0,43.78797100000004,71.278999999995,0.0038615947303978974,y,True
0.0,20,6.501092434627031,0.0222010585714286,0.0222010585714286,1.0,40.54074100000004,149.46400000000722,0.016194654660819024,y,True
0.0,40,13.002184869254062,0.0195787528571428,0.0195787528571428,1.0,38.70512700000002,306.5040000000008,0.06642036118609763,y,True
0.0,70,22.75382352119461,0.01818386,0.01818386,1.0,37.72870200000001,543.9170000000013,0.20626985713629398,y,True
0.0,100,32.505462173135165,0.0174499971428572,0.0174499971428572,1.0,37.21499800000005,783.1420000000071,0.42427321095322745,y,True
0.0,150,48.75819325970274,0.01669816,0.01669816,1.0,36.68871200000002,1185.0890000000072,0.9630466415324702,y,True
0.0,250,81.26365543283791,0.0158417714285714,0.0158417714285714,1.0,36.08924000000003,1999.2859999999928,2.7078214769282694,y,True
0.1,2,0.5866083528115175,0.1058206185714285,0.0609845814285714,1.7352028347586779,99.074433,1.9290000000037253,1.8859458542926706e-05,n,False
0.1,5,1.4665208820287936,0.0598262971428572,0.03546603,1.6868619674335468,66.87840800000005,7.88300000000163,0.0001926764018839228,y,False
0.1,10,2.933041764057587,0.04314195,0.0268399585714286,1.607377667338318,55.199365000000014,21.39699999999721,0.0010459715770922001,y,False
0.1,20,5.866083528115174,0.0302723128571429,0.0222010585714286,1.3635526774431157,46.19061900000004,56.12600000000384,0.005487330068316913,y,False
0.1,40,11.732167056230349,0.0230677428571428,0.0195787528571428,1.1782028725454357,41.147420000000025,143.29700000000594,0.028019739044278496,y,False
0.1,70,20.531292348403117,0.02005339,0.01818386,1.1028126041445547,39.03737300000002,294.903999999995,0.10091267064522283,y,False
0.1,100,29.33041764057587,0.0188190971428572,0.0174499971428572,1.0784584655683118,38.17336800000005,458.7060000000056,0.22423397590396932,y,True
0.1,150,43.99562646086382,0.0177221457142857,0.01669816,1.0613232664129282,37.40550200000003,746.2670000000071,0.5472080695344962,y,True
0.1,250,73.32604410143968,0.0165853914285714,0.0158417714285714,1.0469404575967334,36.60977400000003,1350.7719999999972,1.650779454049828,y,True
0.2,2,0.5231074621603317,0.2532826542857143,0.0609845814285714,4.15322444382722,202.297858,0.4290000000037253,3.74021835447885e-06,n,False
0.2,5,1.3077686554008292,0.12602452,0.03546603,3.5533867196300233,113.21716400000004,1.3830000000016298,3.0144067507024637e-05,n,False
0.2,10,2.6155373108016584,0.0831439242857143,0.0268399585714286,3.097766491123493,83.20074700000005,3.9089999999996503,0.0001704022557987128,n,False
0.2,20,5.231074621603317,0.0569277071428571,0.0222010585714286,2.564188863323822,64.84939500000003,13.813999999998488,0.0012043677470470052,y,False
0.2,40,10.462149243206634,0.03542747,0.0195787528571428,1.8094855304879753,49.79922900000004,48.14800000000105,0.0083955260293654,y,False
0.2,70,18.308761175611608,0.02524243,0.01818386,1.3881777576378174,42.669701000000046,124.27700000000186,0.0379226318770253,y,False
0.2,100,26.155373108016583,0.0218476128571429,0.0174499971428572,1.2520124031129585,40.29332900000004,218.68499999999767,0.09532979613544243,y,False
0.2,150,39.23305966202488,0.0195787728571429,0.01669816,1.1725107950302847,38.70514100000004,400.00199999999313,0.26155503884881676,y,False
0.2,250,65.38843277004146,0.0177720657142857,0.0158417714285714,1.1218483863637194,37.44044600000002,811.75,0.8846510050180193,y,False
0.3,2,0.4596065715091458,0.4321387585714286,0.0609845814285714,7.086033034064094,327.497131,0.1429999999963911,1.095395662069153e-06,n,False
0.3,5,1.1490164287728644,0.2185354785714285,0.03546603,6.161825233087224,177.97483499999998,0.44100000000617,8.44527075159871e-06,n,False
0.3,10,2.2980328575457287,0.1343365914285714,0.0268399585714286,5.005096824984448,119.03561400000002,1.2639999999955762,4.841189219879392e-05,n,False
0.3,20,4.5960657150914574,0.0924766085714286,0.0222010585714286,4.165414377602711,89.73362600000003,4.005999999993946,0.00030686398757714256,n,False
0.3,40,9.192131430182917,0.0617807157142857,0.0195787528571428,3.155498011802453,68.24650100000004,16.062999999994645,0.0024608867860496492,y,False
0.3,70,16.086230002820106,0.0402982642857143,0.01818386,2.2161556614335076,53.20878500000005,47.35000000000582,0.012694716510560426,y,False
0.3,100,22.98032857545729,0.0304007828571428,0.0174499971428572,1.7421654919632314,46.28054800000002,91.8289999999979,0.03517100987926032,y,False
0.3,150,34.47049286318594,0.0237831871428571,0.01669816,1.424299871534175,41.64823100000002,188.349000000002,0.10820804767147128,y,False
0.3,250,57.45082143864322,0.01981733,0.0158417714285714,1.2509541681846568,38.87213100000004,436.99899999999616,0.41843252529775715,y,False
0.4,2,0.3961056808579599,0.6008514557142858,0.0609845814285714,9.852514219812054,445.596019,0.0599999999976716,3.9610568084258837e-07,n,False
0.4,5,0.9902642021448996,0.3548107185714286,0.03546603,10.004241201268611,273.367503,0.1790000000037253,2.9542882031271006e-06,n,False
0.4,10,1.9805284042897997,0.2006545985714285,0.0268399585714286,7.475965286512301,165.458219,0.4820000000036089,1.5910244847913847e-05,n,False
0.4,20,3.961056808579599,0.12820013,0.0222010585714286,5.774505282598808,114.74009100000002,1.4809999999997672,9.77720855584244e-05,n,False
0.4,40,7.922113617159198,0.0905483385714286,0.0195787528571428,4.624826679825747,88.38383700000004,4.945999999996275,0.0006530462325073313,n,False
0.4,70,13.8636988300286,0.0685638514285714,0.01818386,3.7705883914950618,72.99469600000005,18.273000000001048,0.004222189478685452,y,False
0.4,100,19.805284042898,0.0522441757142857,0.0174499971428572,2.993936061225705,61.57092300000001,36.87799999999697,0.012172987748898873,y,False
0.4,150,29.707926064347,0.03656464,0.01669816,2.189740666037456,50.59524800000004,80.64900000000489,0.03993190881939444,y,False
0.4,250,49.513210107244994,0.02483516,0.0158417714285714,1.567700942535289,42.38461200000002,208.15600000000268,0.17177452938473037,y,False
0.5,2,0.3326047902067742,0.7093300485714287,0.0609845814285714,11.631301420052154,521.5310340000001,0.0299999999988358,1.6630239509693345e-07,n,False
0.5,5,0.8315119755169355,0.4676099785714285,0.03546603,13.184728557761566,352.326985,0.0850000000064028,1.1779752987377254e-06,n,False
0.5,10,1.663023951033871,0.3005953,0.0268399585714286,11.199544112560094,235.41671,0.2069999999948777,5.73743263092488e-06,n,False
0.5,20,3.326047902067742,0.1903216614285714,0.0222010585714286,8.572639039541281,158.225163,0.6239999999961583,3.4590898181291555e-05,n,False
0.5,40,6.652095804135484,0.1268936328571429,0.0195787528571428,6.481190798158988,113.82554300000004,2.24199999999837,0.0002485666465476819,n,False
0.5,70,11.641167657237096,0.1008045,0.01818386,5.543624950918012,95.56315000000002,6.732999999992899,0.0013063330306015784,n,False
0.5,100,16.630239510338708,0.0867052157142857,0.0174499971428572,4.968781083713628,85.693651,15.547999999995229,0.0043094493984444475,n,False
0.5,150,24.94535926550807,0.06574139,0.01669816,3.937043961729915,71.01897300000003,33.08599999999569,0.013755702610974876,y,False
0.5,250,41.57559877584678,0.0419116114285714,0.0158417714285714,2.6456391961937906,54.338128,89.528999999995,0.062037029713376296,y,False
0.6,2,0.2691038995555884,0.9211946714285714,0.0609845814285714,15.105370076328668,669.83627,0.0160000000032596,7.176103989610976e-08,n,False
0.6,5,0.672759748888971,0.6591218871428572,0.03546603,18.584597349713434,486.385321,0.0449999999982537,5.045698116471477e-07,n,False
0.6,10,1.345519497777942,0.4413124171428572,0.0268399585714286,16.442365809485214,333.918692,0.1009999999951105,2.2649578211498873e-06,n,False
0.6,20,2.691038995555884,0.2790923614285715,0.0222010585714286,12.571128558155612,220.36465300000003,0.2620000000024447,1.1750870280703675e-05,n,False
0.6,40,5.382077991111768,0.1847287228571429,0.0195787528571428,9.435162913849716,154.31010600000002,0.9740000000019792,8.736906605589191e-05,n,False
0.6,70,9.418636484445594,0.1400604514285715,0.01818386,7.702459842331138,123.04231600000004,2.918999999994412,0.000458216664967401,n,False
0.6,100,13.45519497777942,0.1142960671428571,0.0174499971428572,6.549918960281427,105.00724700000002,5.888000000006286,0.0013204031338208302,n,False
0.6,150,20.18279246666913,0.1057548228571429,0.01669816,6.333321926316606,99.02837600000004,12.25,0.004120653461944948,n,False
0.6,250,33.63798744444855,0.08138274,0.0158417714285714,5.13722473316477,81.96791800000001,35.69100000000617,0.02000955683133368,n,False
0.7,2,0.2056030089044026,0.9900594742857144,0.0609845814285714,16.234586695414613,718.041632,0.0090000000054715,3.0840451354409674e-08,n,False
0.7,5,0.5140075222610064,0.8509029514285715,0.03546603,23.992055254804992,620.6320660000001,0.0249999999941792,2.1416980089222044e-07,n,False
0.7,10,1.0280150445220129,0.5870336242857144,0.0268399585714286,21.8716292994065,435.92353700000007,0.0540000000037252,9.252135401336377e-07,n,False
0.7,20,2.0560300890440257,0.4788459171428572,0.0222010585714286,21.568607442849704,360.19214200000005,0.1239999999961583,4.249128850559342e-06,n,False
0.7,40,4.112060178088052,0.2816696071428571,0.0195787528571428,14.386493828185653,222.168725,0.3249999999970896,2.227365929777749e-05,n,False
0.7,70,7.196105311654091,0.1976481671428571,0.01818386,10.869428556030298,163.35371700000002,0.9199999999982538,0.00011034028144515329,n,False
0.7,100,10.28015044522013,0.1678973242857142,0.0174499971428572,9.62162474361433,142.52812699999998,2.304999999993015,0.0003949291129360099,n,False
0.7,150,15.420225667830197,0.1248688071428571,0.01669816,7.477998003543929,112.408165,3.489000000001397,0.0008966861225846851,n,False
0.7,250,25.70037611305033,0.0946397585714286,0.0158417714285714,5.974064137848954,91.24783100000003,11.682000000000698,0.005003863229211198,n,False
0.8,2,0.1421021182532167,1.1700811428571432,0.0609845814285714,19.186507727819837,844.0568000000002,0.0050000000046566,1.1841843198796603e-08,n,False
0.8,5,0.3552552956330418,0.95148215,0.03546603,26.82798582192594,691.0375050000001,0.0139999999955762,8.289290228818345e-08,n,False
0.8,10,0.7105105912660837,3.689577685714285,0.0268399585714286,137.46584876035826,2607.70438,-0.149600000004284,-1.7715397409408324e-06,n,False
0.8,20,1.4210211825321677,0.6573364414285715,0.0222010585714286,29.6083377877541,485.135509,0.0620000000053551,1.4683885554100684e-06,n,False
0.8,40,2.842042365064335,0.4662454142857142,0.0195787528571428,23.813846453228848,351.37179,0.1389999999955762,6.584064812189498e-06,n,False
0.8,70,4.973574138862586,0.3338275385714286,0.01818386,18.35845296716036,258.679277,0.2949999999982537,2.445340618259629e-05,n,False
0.8,100,7.105105912660837,0.2765498,0.0174499971428572,15.84812866936199,218.58486,0.5249999999941792,6.216967673509303e-05,n,False
0.8,150,10.657658868991255,0.2197802114285715,0.01669816,13.161941880337205,178.84614800000003,1.0869999999995343,0.00019308125317647553,n,False
0.8,250,17.762764781652095,0.1537877928571428,0.0158417714285714,9.707739664756119,132.651455,2.6560000000026776,0.0007862983876685922,n,False
0.9,2,0.0786012276020309,1.4198815142857144,0.0609845814285714,23.282631134375503,1018.91706,0.0019999999931314,2.62004091106969e-09,n,False
0.9,5,0.1965030690050774,4.704842871428571,0.03546603,132.65772547501288,3318.39001,-0.0237999999953899,-7.794621735691572e-08,n,False
0.9,10,0.3930061380101549,1.0194965,0.0268399585714286,37.984279941671154,738.64755,0.0130000000062864,8.515132994337679e-08,n,False
0.9,20,0.7860122760203098,1.000744881428571,0.0222010585714286,45.076448864310834,725.521417,0.0280000000057043,3.6680572888420536e-07,n,False
0.9,40,1.5720245520406195,6.1238132285714295,0.0195787528571428,312.77851420129224,4311.669260000001,-1.1002000000007683,-2.882569020260496e-05,n,False
0.9,70,2.751042966071084,0.6758288557142859,0.01818386,37.16641327607482,498.0801990000001,0.1110000000044237,5.0894294874343355e-06,n,False
0.9,100,3.930061380101548,0.6770606942857142,0.0174499971428572,38.80004613999924,498.942486,0.1699999999982537,1.1135173910173334e-05,n,False
0.9,150,5.895092070152323,0.4898558442857144,0.01669816,29.33591750742084,367.89909100000006,0.2880000000004656,2.82964419367769e-05,n,False
0.9,250,9.82515345025387,0.3744217542857143,0.0158417714285714,23.635093838712162,287.095228,0.5979999999981374,9.792402938722523e-05,n,False
1.0,2,0.6501092434627032,0.9307985357142856,0.0609845814285714,15.262850279697167,676.558975,0.0190000000002328,2.0586792709904507e-07,n,False
